contig_id,proteins
Achromobacter~phage~83-24,61
Achromobacter~phage~JWAlpha,91
Achromobacter~phage~JWF,118
Achromobacter~phage~JWX,67
Achromobacter~phage~phiAxp-1,64
Achromobacter~phage~phiAxp-2,86
Achromobacter~phage~phiAxp-3,80
Acidovorax~phage~ACP17,253
Acinetobacter~phage~AB1,85
Acinetobacter~phage~AB3,29
Acinetobacter~phage~AM101,250
Acinetobacter~phage~AbKT21phiIII,42
Acinetobacter~phage~AbP2,88
Acinetobacter~phage~AbTZA1,253
Acinetobacter~phage~Abp1,54
Acinetobacter~phage~Ac42,255
Acinetobacter~phage~Acj61,241
Acinetobacter~phage~Acj9,253
Acinetobacter~phage~Fri1,54
Acinetobacter~phage~IME-AB2,82
Acinetobacter~phage~IME200,54
Acinetobacter~phage~KARL-1,253
Acinetobacter~phage~LZ35,83
Acinetobacter~phage~Petty,45
Acinetobacter~phage~Presley,95
Acinetobacter~phage~SH-Ab~15519,51
Acinetobacter~phage~WCHABP1,89
Acinetobacter~phage~WCHABP12,88
Acinetobacter~phage~WCHABP5,47
Acinetobacter~phage~YMC-13-01-C62,84
Acinetobacter~phage~YMC11/11/R3177,80
Acinetobacter~phage~YMC11/12/R2315,85
Acinetobacter~phage~YMC13/03/R2096,162
Acinetobacter~phage~ZZ1,256
Acinetobacter~phage~phiAB1,46
Acinetobacter~phage~phiAB6,45
Acinetobacter~phage~phiAC-1,82
Acinetobacter~phage~vB_AbaM_Acibel004,156
Acinetobacter~phage~vB_AbaM_B09_Aci01-1,163
Acinetobacter~phage~vB_AbaM_B09_Aci02-2,171
Acinetobacter~phage~vB_AbaM_B09_Aci05,160
Acinetobacter~phage~vB_AbaM_PhT2,246
Acinetobacter~phage~vB_AbaM_phiAbaA1,165
Acinetobacter~phage~vB_AbaP_46-62_Aci07,52
Acinetobacter~phage~vB_AbaP_AS11,51
Acinetobacter~phage~vB_AbaP_AS12,49
Acinetobacter~phage~vB_AbaP_Acibel007,53
Acinetobacter~phage~vB_AbaP_Apostate,244
Acinetobacter~phage~vB_AbaP_B09_Aci08,53
Acinetobacter~phage~vB_AbaP_B1,51
Acinetobacter~phage~vB_AbaP_B3,49
Acinetobacter~phage~vB_AbaP_B5,53
Acinetobacter~phage~vB_AbaP_Berthold,250
Acinetobacter~phage~vB_AbaP_D2,47
Acinetobacter~phage~vB_AbaP_Kimel,252
Acinetobacter~phage~vB_AbaP_Konradin,249
Acinetobacter~phage~vB_AbaP_Lazarus,247
Acinetobacter~phage~vB_AbaP_PD-6A3,48
Acinetobacter~phage~vB_AbaP_PD-AB9,48
Acinetobacter~phage~vB_AbaS_TRS1,70
Acinetobacter~phage~vB_ApiP_P1,49
Acinetobacter~phage~vB_ApiP_P2,54
Actinoplanes~phage~phiAsp2,76
Aeribacillus~phage~AP45,73
Aeromonas~phage~2-L372D,217
Aeromonas~phage~25AhydR2PP,51
Aeromonas~phage~2_L372X,211
Aeromonas~phage~4_L372D,251
Aeromonas~phage~4_L372XY,221
Aeromonas~phage~AS-gz,237
Aeromonas~phage~AS-sw,406
Aeromonas~phage~AS-zj,402
Aeromonas~phage~Aes012,243
Aeromonas~phage~Aes508,234
Aeromonas~phage~AhSzq-1,143
Aeromonas~phage~AhSzw-1,141
Aeromonas~phage~Ahp1,46
Aeromonas~phage~CC2,427
Aeromonas~phage~CF7,49
Aeromonas~phage~LAh_8,143
Aeromonas~phage~PX29,330
Aeromonas~phage~ZPAH7,29
Aeromonas~phage~phiA8-29,185
Aeromonas~phage~phiAS4,271
Aeromonas~phage~phiAS5,343
Aeromonas~phage~phiAS7,51
Aeromonas~phage~vB_AsaM-56,83
Aggregatibacter~phage~S1249,66
Agrobacterium~phage~7-7-1,127
Agrobacterium~phage~Atu_ph02,55
Agrobacterium~phage~Atu_ph03,58
Agrobacterium~phage~Atu_ph07,714
Alteromonas~phage~vB_AmeM_PT11-V22,156
Alteromonas~virus~vB_AspP-H4/4,49
Anabaena~phage~A-4L,38
Anoxybacillus~phage~A403,61
Aquamicrobium~phage~P14,48
Arthrobacter~phage~Abba,71
Arthrobacter~phage~Abidatro,66
Arthrobacter~phage~Adat,56
Arthrobacter~phage~Amigo,86
Arthrobacter~phage~Andrew,71
Arthrobacter~phage~Anjali,27
Arthrobacter~phage~BarretLemon,79
Arthrobacter~phage~Beans,73
Arthrobacter~phage~Bennie,62
Arthrobacter~phage~Brent,74
Arthrobacter~phage~Bridgette,71
Arthrobacter~phage~CaptnMurica,88
Arthrobacter~phage~Circum,99
Arthrobacter~phage~Colucci,114
Arthrobacter~phage~Constance,70
Arthrobacter~phage~Coral,72
Arthrobacter~phage~Decurro,26
Arthrobacter~phage~DrManhattan,72
Arthrobacter~phage~DrRobert,59
Arthrobacter~phage~DrYang,105
Arthrobacter~phage~Eileen,63
Arthrobacter~phage~Galaxy,65
Arthrobacter~phage~Glenn,64
Arthrobacter~phage~Gordon,89
Arthrobacter~phage~HunterDalle,60
Arthrobacter~phage~Jasmine,57
Arthrobacter~phage~Jawnski,73
Arthrobacter~phage~Joann,63
Arthrobacter~phage~Judy,72
Arthrobacter~phage~KBurrousTX,107
Arthrobacter~phage~KellEzio,98
Arthrobacter~phage~Kepler,75
Arthrobacter~phage~Kitkat,100
Arthrobacter~phage~Korra,59
Arthrobacter~phage~Liebe,69
Arthrobacter~phage~Lymara,109
Arthrobacter~phage~Maja,56
Arthrobacter~phage~Martha,77
Arthrobacter~phage~Mendel,28
Arthrobacter~phage~Molivia,92
Arthrobacter~phage~Mudcat,95
Arthrobacter~phage~Mufasa8,104
Arthrobacter~phage~Peas,68
Arthrobacter~phage~Piccoletto,74
Arthrobacter~phage~Preamble,64
Arthrobacter~phage~PrincessTrina,112
Arthrobacter~phage~Pumancara,61
Arthrobacter~phage~Shade,77
Arthrobacter~phage~Sonali,99
Arthrobacter~phage~Sonny,77
Arthrobacter~phage~Tank,105
Arthrobacter~phage~TripleJ,82
Arthrobacter~phage~Wayne,63
Arthrobacter~phage~Yang,68
Arthrobacter~phage~Zartrosa,79
Arthrobacter~phage~vB_ArS-ArV2,68
Arthrobacter~phage~vB_ArtM-ArV1,101
Azospirillum~phage~Cd,95
Bacillus~phage~AR9,291
Bacillus~phage~Aurora,40
Bacillus~phage~AvesoBmore,301
Bacillus~phage~B4,277
Bacillus~phage~B5S,272
Bacillus~phage~BCD7,140
Bacillus~phage~BCJA1c,58
Bacillus~phage~BCP78,227
Bacillus~phage~BCP8-2,220
Bacillus~phage~BCU4,223
Bacillus~phage~BPS10C,271
Bacillus~phage~BPS13,268
Bacillus~phage~BSP38,254
Bacillus~phage~Bastille,273
Bacillus~phage~Bcp1,229
Bacillus~phage~BeachBum,30
Bacillus~phage~Belinda,295
Bacillus~phage~BigBertha,291
Bacillus~phage~Bobb,247
Bacillus~phage~Bp8p-C,211
Bacillus~phage~Bp8p-T,211
Bacillus~phage~BtCS33,57
Bacillus~phage~CAM003,287
Bacillus~phage~CP-51,221
Bacillus~phage~CampHawk,233
Bacillus~phage~Carmen17,51
Bacillus~phage~Claudi,46
Bacillus~phage~DIGNKC,291
Bacillus~phage~DK1,49
Bacillus~phage~DK2,45
Bacillus~phage~DK3,46
Bacillus~phage~Deep~Blue,226
Bacillus~phage~Deep-Purple,40
Bacillus~phage~DirtyBetty,302
Bacillus~phage~Eldridge,238
Bacillus~phage~Evoli,294
Bacillus~phage~Eyuki,300
Bacillus~phage~Fah,50
Bacillus~phage~Gamma,53
Bacillus~phage~Grass,252
Bacillus~phage~Gxv1,34
Bacillus~phage~Hakuna,294
Bacillus~phage~Harambe,33
Bacillus~phage~Hoody~T,270
Bacillus~phage~JBP901,201
Bacillus~phage~JL,218
Bacillus~phage~Juan,34
Bacillus~phage~Karezi,34
Bacillus~phage~Kida,304
Bacillus~phage~KonjoTrouble,40
Bacillus~phage~MG-B1,42
Bacillus~phage~Mater,241
Bacillus~phage~Megatron,290
Bacillus~phage~Mgbh1,80
Bacillus~phage~Moonbeam,237
Bacillus~phage~Nemo,301
Bacillus~phage~Nf,27
Bacillus~phage~Nigalana,302
Bacillus~phage~NotTheCreek,296
Bacillus~phage~PBC1,50
Bacillus~phage~Page,50
Bacillus~phage~Palmer,50
Bacillus~phage~Pascal,50
Bacillus~phage~Pavlov,50
Bacillus~phage~PfEFR-4,67
Bacillus~phage~PfEFR-5,68
Bacillus~phage~Phrodo,288
Bacillus~phage~Pony,48
Bacillus~phage~Pookie,52
Bacillus~phage~Riley,290
Bacillus~phage~SageFayge,300
Bacillus~phage~SalinJah,292
Bacillus~phage~SerPounce,44
Bacillus~phage~Shanette,220
Bacillus~phage~Shbh1,177
Bacillus~phage~Slash,111
Bacillus~phage~Spock,283
Bacillus~phage~Stahl,110
Bacillus~phage~Staley,113
Bacillus~phage~Stills,110
Bacillus~phage~Stitch,36
Bacillus~phage~TP21-L,56
Bacillus~phage~Troll,289
Bacillus~phage~TsarBomba,247
Bacillus~phage~VMY22,25
Bacillus~phage~W.Ph.,274
Bacillus~phage~Waukesha92,72
Bacillus~phage~Wes44,54
Bacillus~phage~Zuko,294
Bacillus~phage~phIS3501,51
Bacillus~phage~phi105,103
Bacillus~phage~phi4B1,56
Bacillus~phage~phi4J1,67
Bacillus~phage~phiAGATE,210
Bacillus~phage~phiCM3,56
Bacillus~phage~vB_BanS-Tsamsa,272
Bacillus~phage~vB_BceS-MY192,64
Bacillus~phage~vB_BhaS-171,67
Bacillus~phage~vB_BmeM-Goe8,246
Bacillus~phage~vB_Bpu_PumA1,26
Bacillus~phage~vB_Bpu_PumA2,28
Bacillus~phage~vB_BsuM-Goe3,246
Bacillus~phage~vB_BsuP-Goe1,24
Bacillus~phage~vB_BtS_B83,71
Bacillus~phage~vB_BtS_BMBtp14,75
Bacillus~phage~vB_BtS_BMBtp3,76
Bacillus~phage~vB_BthP-Goe4,43
Bacillus~phage~vB_BveP-Goe6,26
Bacillus~virus~1,54
Bacillus~virus~BM15,266
Bacillus~virus~PBS1,311
Bacillus~virus~SRT01hs,31
Bacteriophage~APSE-2,41
Bacteriophage~R18C,44
Bacteriophage~T5-like~chee24,166
Bacteriophage~T5-like~saus132,164
Bacteriophage~vB_NpeS-2AV2,182
Bacteroides~phage~B124-14,68
Bacteroides~phage~B40-8,46
Bdellovibrio~phage~phi1422,76
Bifidobacterium~phage~BadAargau2,23
Bifidobacterium~phage~BadAztec1,23
Bordetella~phage~CN1,79
Bordetella~phage~CN2,81
Bordetella~phage~FP1,80
Bordetella~phage~MW2,80
Bordetella~phage~vB_BbrM_PHB04,124
Brevibacillus~phage~Abouo,94
Brevibacillus~phage~Davies,94
Brevibacillus~phage~Jenst,178
Brevibacillus~phage~Jimmer1,103
Brevibacillus~phage~Jimmer2,103
Brevibacillus~phage~Osiris,103
Brevibacillus~phage~Sundance,194
Brevibacterium~phage~LuckyBarnes,67
Brochothrix~phage~A9,199
Brochothrix~phage~BL3,67
Brochothrix~phage~NF5,58
Brucella~phage~BiPBO1,86
Brucella~phage~Pr,57
Brucella~phage~Tb,58
Burkholderia~phage~Bcep176,81
Burkholderia~phage~BcepGomr,76
Burkholderia~phage~BcepNazgul,73
Burkholderia~phage~BcepSaruman,445
Burkholderia~phage~BcepSauron,446
Burkholderia~phage~JG068,49
Burkholderia~phage~KL3,52
Burkholderia~phage~KS10,49
Burkholderia~phage~KS14,44
Burkholderia~phage~KS5,46
Burkholderia~phage~KS9,50
Burkholderia~phage~ST79,49
Burkholderia~phage~vB_BceM_AP3,51
Burkholderia~phage~vB_BmuP_KL4,65
Butyrivibrio~virus~Arawn,50
Campylobacter~phage~CP30A,162
Campylobacter~phage~PC14,171
Campylobacter~phage~vB_CjeM_Los1,169
Caulobacter~phage~CcrBL10,335
Caulobacter~phage~CcrBL9,558
Caulobacter~phage~CcrColossus,452
Caulobacter~phage~CcrPW,485
Caulobacter~phage~CcrSC,546
Caulobacter~phage~Cr30,286
Caulobacter~phage~Lullwater,52
Caulobacter~phage~Percy,55
Caulobacter~phage~Seuss,120
Celeribacter~phage~P12053L,56
Cellulophaga~phage~phi10:1,106
Cellulophaga~phage~phi12:1,64
Cellulophaga~phage~phi13:2,127
Cellulophaga~phage~phi17:1,65
Cellulophaga~phage~phi18:1,65
Cellulophaga~phage~phi18:3,123
Cellulophaga~phage~phi19:1,114
Cellulophaga~phage~phi19:3,129
Cellulophaga~phage~phi38:1,101
Cellulophaga~phage~phi46:3,121
Citrobacter~phage~CF1~DK-2017,87
Citrobacter~phage~CF1~ERZ-2017,306
Citrobacter~phage~CVT22,83
Citrobacter~phage~IME-CF2,263
Citrobacter~phage~Margaery,280
Citrobacter~phage~Merlin,303
Citrobacter~phage~Michonne,143
Citrobacter~phage~Miller,277
Citrobacter~phage~Moogle,126
Citrobacter~phage~Moon,298
Citrobacter~phage~Mordin,138
Citrobacter~phage~SH1,53
Citrobacter~phage~SH2,53
Citrobacter~phage~SH3,49
Citrobacter~phage~SH4,49
Citrobacter~phage~Sazh,87
Citrobacter~phage~phiCFP-1,43
Citrobacter~phage~vB_CfrM_CfP1,273
Citrobacter~phage~vB_CroP_CrRp3,53
Citrobacter~virus~Stevie,90
Clavibacter~phage~CMP1,74
Clavibacter~phage~CN1A,78
Clostridium~phage~CDKM15,79
Clostridium~phage~CDKM9,75
Clostridium~phage~CPD2,22
Clostridium~phage~CPS1,25
Clostridium~phage~CPS2,25
Clostridium~phage~PhiS63,43
Clostridium~phage~c-st,198
Clostridium~phage~phi24R,22
Clostridium~phage~phi3626,51
Clostridium~phage~phi8074-B1,82
Clostridium~phage~phiCD111,55
Clostridium~phage~phiCD146,52
Clostridium~phage~phiCD211,190
Clostridium~phage~phiCD38-2,55
Clostridium~phage~phiCD481-1,54
Clostridium~phage~phiCD505,76
Clostridium~phage~phiCD506,53
Clostridium~phage~phiCD6356,59
Clostridium~phage~phiCDHM14,50
Clostridium~phage~phiCDHM19,88
Clostridium~phage~phiCP13O,55
Clostridium~phage~phiCP26F,49
Clostridium~phage~phiCP34O,52
Clostridium~phage~phiCP7R,26
Clostridium~phage~phiCPV4,28
Clostridium~phage~phiCT19406A,67
Clostridium~phage~phiCT19406B,66
Clostridium~phage~phiCT19406C,63
Clostridium~phage~phiCT453A,62
Clostridium~phage~phiCT453B,61
Clostridium~phage~phiCT9441A,77
Clostridium~phage~phiCTC2A,67
Clostridium~phage~phiCTC2B,66
Clostridium~phage~phiCTP1,86
Clostridium~phage~phiMMP01,81
Clostridium~phage~phiMMP02,76
Clostridium~phage~phiMMP03,93
Clostridium~phage~phiMMP04,51
Clostridium~phage~phiSM101,53
Clostridium~phage~phiZP2,27
Clostridium~phage~susfortuna,28
Clostridium~phage~vB_CpeS-CP51,50
Corynebacterium~phage~Adelaide,57
Corynebacterium~phage~BFK20,54
Corynebacterium~phage~C3PO,93
Corynebacterium~phage~Darwin,94
Corynebacterium~phage~Dina,63
Corynebacterium~phage~Juicebox,59
Corynebacterium~phage~Lederberg,60
Corynebacterium~phage~P1201,97
Corynebacterium~phage~Poushou,54
Corynebacterium~phage~SamW,60
Corynebacterium~phage~StAB,61
Corynebacterium~phage~Stiles,54
Corynebacterium~phage~Zion,92
Corynebacterium~phage~phi673,56
Corynebacterium~phage~phi674,54
Croceibacter~phage~P2559S,68
Croceibacter~phage~P2559Y,51
Cronobacter~phage~CR3,265
Cronobacter~phage~CR5,231
Cronobacter~phage~CR8,269
Cronobacter~phage~CR9,281
Cronobacter~phage~CS01,75
Cronobacter~phage~ENT39118,38
Cronobacter~phage~ENT47670,46
Cronobacter~phage~ESSI-2,43
Cronobacter~phage~GW1,49
Cronobacter~phage~PBES~02,270
Cronobacter~phage~S13,268
Cronobacter~phage~phiES15,52
Cronobacter~phage~vB_CsaM_GAP161,275
Cronobacter~phage~vB_CsaM_GAP31,269
Cronobacter~phage~vB_CsaM_GAP32,545
Cronobacter~phage~vB_CsaM_leE,284
Cronobacter~phage~vB_CsaP_GAP52,115
Curvibacter~phage~P26059B,46
Cyanophage~9515-10a,55
Cyanophage~NATL1A-7,65
Cyanophage~NATL2A-133,62
Cyanophage~P-SSP2,56
Cyanophage~P-TIM40,235
Cyanophage~PP,41
Cyanophage~PSS2,131
Cyanophage~S-TIM4,235
Cyanophage~S-TIM5,180
Deep-sea~thermophilic~phage~D6E,49
Delftia~phage~IME-DE1,48
Delftia~phage~PhiW-14,236
Delftia~phage~RG-2014,88
Dickeya~phage~BF25/12,51
Dickeya~phage~Dagda,53
Dickeya~phage~Katbat,52
Dickeya~phage~Luksen,53
Dickeya~phage~Mysterion,53
Dickeya~phage~Ninurta,46
Dickeya~phage~RC-2014,196
Dickeya~phage~vB_DsoM_AD1,330
Dickeya~phage~vB_DsoM_JA11,321
Dickeya~phage~vB_DsoM_JA29,318
Dickeya~phage~vB_DsoP_JA10,50
Dinoroseobacter~phage~DFL12phi1,86
Dinoroseobacter~phage~DS-1410Ws-06,77
Dinoroseobacter~phage~vB_DshS-R5C,123
Edwardsiella~phage~PEi21,71
Edwardsiella~phage~eiAU,54
Edwardsiella~phage~eiAU-183,54
Edwardsiella~virus~pEt-SU,284
Eggerthella~phage~PMBT5,44
Enterobacter~phage~Arya,61
Enterobacter~phage~E-2,41
Enterobacter~phage~E-3,36
Enterobacter~phage~EcP1,77
Enterobacter~phage~Ec_L1,85
Enterobacter~phage~Enc34,80
Enterobacter~phage~PG7,295
Enterobacter~phage~Tyrion,56
Enterobacter~phage~phiEap-1,42
Enterobacter~phage~phiEap-2,62
Enterobacter~phage~phiEap-3,278
Enterobacter~phage~phiKDA1,62
Enterobacter~phage~phiT5282H,39
Enterobacter~phage~vB_EclM_CIP9,296
Enterobacteria~phage~13a,55
Enterobacteria~phage~2851,75
Enterobacteria~phage~285P,47
Enterobacteria~phage~9g,83
Enterobacteria~phage~BA14,52
Enterobacteria~phage~BP-4795,85
Enterobacteria~phage~Bp7,263
Enterobacteria~phage~DT571/2,133
Enterobacteria~phage~ES18,79
Enterobacteria~phage~EcoDS1,53
Enterobacteria~phage~HK106,65
Enterobacteria~phage~HK140,71
Enterobacteria~phage~HK225,69
Enterobacteria~phage~IME08,255
Enterobacteria~phage~IME10,27
Enterobacteria~phage~IME_EC2,60
Enterobacteria~phage~J8-65,47
Enterobacteria~phage~JenK1,86
Enterobacteria~phage~JenP1,87
Enterobacteria~phage~JenP2,87
Enterobacteria~phage~K1F,103
Enterobacteria~phage~P88,53
Enterobacteria~phage~RB14,22
Enterobacteria~phage~RB27,271
Enterobacteria~phage~RB51,287
Enterobacteria~phage~RB68,276
Enterobacteria~phage~Sf101,66
Enterobacteria~phage~SfI,65
Enterobacteria~phage~SfV,53
Enterobacteria~phage~T3,47
Enterobacteria~phage~T4,22
Enterobacteria~phage~T7M,55
Enterobacteria~phage~UAB_Phi20,80
Enterobacteria~phage~UAB_Phi78,58
Enterobacteria~phage~VT2-Sakai,83
Enterobacteria~phage~VT2phi_272,83
Enterobacteria~phage~YYZ-2008,75
Enterobacteria~phage~fiAA91-ss,40
Enterobacteria~phage~ime09,31
Enterobacteria~phage~mEp043~c-1,69
Enterobacteria~phage~mEp235,61
Enterobacteria~phage~mEp237,63
Enterobacteria~phage~mEp460,59
Enterobacteria~phage~phi80,63
Enterobacteria~phage~phi92,252
Enterobacteria~phage~phiJLA23,65
Enterobacteria~phage~phiP27,58
Enterobacteria~phage~vB_EcoM-FV3,30
Enterobacteria~phage~vB_EcoM_ACG-C40,31
Enterobacteria~phage~vB_EcoP_ACG-C91,56
Enterobacteria~phage~vB_EcoP_IME390,46
Enterobacteria~phage~vB_EcoS_IME18,82
Enterobacteria~phage~vB_EcoS_IME347,87
Enterobacteria~phage~vB_EcoS_IME542,71
Enterobacteria~phage~vB_EcoS_NBD2,87
Enterobacteria~phage~vB_EcoS_Rogue1,74
Enterobacterial~phage~mEp213,74
Enterobacterial~phage~mEp390,59
Enterobacteriaphage~UAB_Phi87,147
Enterococcus~phage~AUEF3,68
Enterococcus~phage~ECP3,220
Enterococcus~phage~EFAP-1,24
Enterococcus~phage~EFC-1,59
Enterococcus~phage~EFDG1,192
Enterococcus~phage~EFLK1,198
Enterococcus~phage~EFP01,193
Enterococcus~phage~EFRM31,23
Enterococcus~phage~Ec-ZZ2,59
Enterococcus~phage~EfV12-phi1,191
Enterococcus~phage~EfaCPT1,69
Enterococcus~phage~IME-EF4,60
Enterococcus~phage~IME-EFm1,70
Enterococcus~phage~IME-EFm5,70
Enterococcus~phage~IME_EF3,69
Enterococcus~phage~LY0322,64
Enterococcus~phage~PMBT2,67
Enterococcus~phage~SANTOR1,60
Enterococcus~phage~SAP6,44
Enterococcus~phage~VD13,88
Enterococcus~phage~phiEf11,65
Enterococcus~phage~phiFL1A,61
Enterococcus~phage~phiFL2A,63
Enterococcus~phage~phiFL3A,65
Enterococcus~phage~phiFL4A,55
Enterococcus~phage~phiSHEF2,68
Enterococcus~phage~phiSHEF4,63
Enterococcus~phage~phiSHEF5,69
Enterococcus~phage~vB_EfaP_Ef6.2,26
Enterococcus~phage~vB_EfaP_Ef6.3,26
Enterococcus~phage~vB_EfaP_Ef7.2,30
Enterococcus~phage~vB_EfaP_Ef7.3,27
Enterococcus~phage~vB_EfaP_Ef7.4,25
Enterococcus~phage~vB_EfaP_Efmus1,25
Enterococcus~phage~vB_EfaP_Efmus3,28
Enterococcus~phage~vB_EfaP_Efmus4,24
Enterococcus~phage~vB_EfaP_IME195,27
Enterococcus~phage~vB_EfaP_IME199,22
Enterococcus~phage~vB_EfaP_Zip,22
Enterococcus~phage~vB_EfaS_AL2,62
Enterococcus~phage~vB_EfaS_AL3,61
Enterococcus~phage~vB_EfaS_IME196,57
Enterococcus~phage~vB_EfaS_IME197,67
Enterococcus~phage~vB_EfaS_IME198,95
Enterococcus~phage~vB_Efae230P-4,25
Erwinia~amylovora~phage~Era103,53
Erwinia~phage~Derbicus,240
Erwinia~phage~ENT90,60
Erwinia~phage~Ea35-70,318
Erwinia~phage~Ea9-2,94
Erwinia~phage~EtG,45
Erwinia~phage~FE44,51
Erwinia~phage~Hena1,240
Erwinia~phage~PEp14,64
Erwinia~phage~PhiEaH1,241
Erwinia~phage~Wellington,287
Erwinia~phage~pEp_SNUABM_01,249
Erwinia~phage~phiEa104,118
Erwinia~phage~phiEa21-4,118
Erwinia~phage~phiEa2809,145
Erwinia~phage~phiEaH2,262
Erwinia~phage~phiEaP-8,78
Erwinia~phage~phiEt88,68
Erwinia~phage~vB_EamM-Bue1,175
Erwinia~phage~vB_EamM_Alexandra,345
Erwinia~phage~vB_EamM_Asesino,277
Erwinia~phage~vB_EamM_Caitlin,271
Erwinia~phage~vB_EamM_ChrisDB,277
Erwinia~phage~vB_EamM_Deimos-Minion,324
Erwinia~phage~vB_EamM_Desertfox,320
Erwinia~phage~vB_EamM_EarlPhillipIV,241
Erwinia~phage~vB_EamM_Huxley,271
Erwinia~phage~vB_EamM_Kwan,285
Erwinia~phage~vB_EamM_Phobos,247
Erwinia~phage~vB_EamM_RAY,317
Erwinia~phage~vB_EamM_RisingSun,243
Erwinia~phage~vB_EamM_Simmy50,322
Erwinia~phage~vB_EamM_Special~G,321
Erwinia~phage~vB_EamM_Y3,333
Erwinia~phage~vB_EamM_Yoloswag,333
Erwinia~phage~vB_EamP-L1,51
Erwinia~phage~vB_EamP-S2,49
Erwinia~phage~vB_EamP-S6,115
Erwinia~phage~vB_EamP_Frozen,92
Erwinia~phage~vB_EhrS_49,80
Erwinia~phage~vB_EhrS_59,80
Erysipelothrix~phage~SE-1,43
Escherichia~coli~O157~typing~phage~3,270
Escherichia~coli~O157~typing~phage~6,251
Escherichia~phage~121Q,611
Escherichia~phage~172-1,130
Escherichia~phage~186,46
Escherichia~phage~2~JES-2013,28
Escherichia~phage~4MG,271
Escherichia~phage~64795_ec1,45
Escherichia~phage~ADB-2,78
Escherichia~phage~APCEc01,272
Escherichia~phage~APCEc03,151
Escherichia~phage~ArgO145,80
Escherichia~phage~Av-05,209
Escherichia~phage~C119,75
Escherichia~phage~C130_2,59
Escherichia~phage~C5,44
Escherichia~phage~CICC~80001,49
Escherichia~phage~D108,57
Escherichia~phage~D6,118
Escherichia~phage~DTL,60
Escherichia~phage~EC1-UPM,80
Escherichia~phage~EC6,136
Escherichia~phage~ECA2,47
Escherichia~phage~ECBP1,82
Escherichia~phage~ECBP2,120
Escherichia~phage~ECBP5,62
Escherichia~phage~ECD7,262
Escherichia~phage~ECML-117,94
Escherichia~phage~ECML-134,270
Escherichia~phage~ECML-4,198
Escherichia~phage~ECP1,63
Escherichia~phage~EG1,51
Escherichia~phage~EP75,209
Escherichia~phage~ESCO13,281
Escherichia~phage~ESCO5,265
Escherichia~phage~Ebrios,53
Escherichia~phage~Eco_BIFF,76
Escherichia~phage~Envy,62
Escherichia~phage~FEC14,209
Escherichia~phage~FEC19,93
Escherichia~phage~Gluttony,61
Escherichia~phage~Gostya9,134
Escherichia~phage~HK639,76
Escherichia~phage~HK75,58
Escherichia~phage~HY01,255
Escherichia~phage~HY02,125
Escherichia~phage~HY03,269
Escherichia~phage~HZ2R8,38
Escherichia~phage~HZP2,43
Escherichia~phage~Henu8,65
Escherichia~phage~IMM-002,83
Escherichia~phage~JH2,131
Escherichia~phage~JLK-2012,79
Escherichia~phage~JMPW1,78
Escherichia~phage~JMPW2,80
Escherichia~phage~K1ind1,51
Escherichia~phage~KBNP1711,126
Escherichia~phage~LL11,55
Escherichia~phage~LL2,51
Escherichia~phage~LL5,88
Escherichia~phage~Lidtsur,55
Escherichia~phage~Lw1,273
Escherichia~phage~Lys12581Vzw,78
Escherichia~phage~MX01,266
Escherichia~phage~Minorna,57
Escherichia~phage~Murica,212
Escherichia~phage~N30,44
Escherichia~phage~OSYSP,166
Escherichia~phage~P13374,79
Escherichia~phage~P483,45
Escherichia~phage~P694,50
Escherichia~phage~PA2,84
Escherichia~phage~PA28,90
Escherichia~phage~PE3-1,48
Escherichia~phage~PGN590,51
Escherichia~phage~PGT2,46
Escherichia~phage~PhaxI,209
Escherichia~phage~Pollock,85
Escherichia~phage~RCS47,124
Escherichia~phage~SH2026Stx1,79
Escherichia~phage~SRT7,47
Escherichia~phage~SRT8,84
Escherichia~phage~ST0,266
Escherichia~phage~ST31,45
Escherichia~phage~SUSP1,138
Escherichia~phage~SUSP2,132
Escherichia~phage~Seurat,88
Escherichia~phage~Skarpretter,63
Escherichia~phage~Sortsne,62
Escherichia~phage~TL-2011b,57
Escherichia~phage~TL-2011c,72
Escherichia~phage~UFV-AREG1,274
Escherichia~phage~V18,207
Escherichia~phage~VB_EcoS-Golestan,78
Escherichia~phage~WG01,273
Escherichia~phage~Wphi,44
Escherichia~phage~YD-2008.s,62
Escherichia~phage~YZ1,41
Escherichia~phage~ZG49,44
Escherichia~phage~aalborv,71
Escherichia~phage~aaroes,82
Escherichia~phage~atuna,84
Escherichia~phage~damhaus,80
Escherichia~phage~e11/2,41
Escherichia~phage~e4/1c,72
Escherichia~phage~egaa,80
Escherichia~phage~fp01,158
Escherichia~phage~grams,76
Escherichia~phage~haarsle,74
Escherichia~phage~herni,83
Escherichia~phage~phAPEC8,269
Escherichia~phage~phi191,87
Escherichia~phage~phiKT,31
Escherichia~phage~phiLLS,160
Escherichia~phage~phiV10,55
Escherichia~phage~pro147,44
Escherichia~phage~pro483,43
Escherichia~phage~slur01,72
Escherichia~phage~slur02,174
Escherichia~phage~slur03,5
Escherichia~phage~slur04,266
Escherichia~phage~slur05,58
Escherichia~phage~slur07,266
Escherichia~phage~slur14,272
Escherichia~phage~slur16,13
Escherichia~phage~tonijn,84
Escherichia~phage~tonn,86
Escherichia~phage~tonnikala,83
Escherichia~phage~tunus,84
Escherichia~phage~vB_EcoM-12474III,44
Escherichia~phage~vB_EcoM-UFV13,268
Escherichia~phage~vB_EcoM-VpaE1,132
Escherichia~phage~vB_EcoM-ep3,51
Escherichia~phage~vB_EcoM_AYO145A,131
Escherichia~phage~vB_EcoM_Alf5,133
Escherichia~phage~vB_EcoM_ECO1230-10,56
Escherichia~phage~vB_EcoM_ECOO78,56
Escherichia~phage~vB_EcoM_FFH2,92
Escherichia~phage~vB_EcoM_Goslar,247
Escherichia~phage~vB_EcoM_JS09,284
Escherichia~phage~vB_EcoM_KWBSE43-6,222
Escherichia~phage~vB_EcoM_PhAPEC2,254
Escherichia~phage~vB_EcoM_Schickermooser,284
Escherichia~phage~vB_EcoM_WFC,113
Escherichia~phage~vB_EcoM_WFH,105
Escherichia~phage~vB_EcoP-Ro45lw,50
Escherichia~phage~vB_EcoP_B,55
Escherichia~phage~vB_EcoP_C,59
Escherichia~phage~vB_EcoP_F,48
Escherichia~phage~vB_EcoP_G7C,79
Escherichia~phage~vB_EcoP_GA2A,56
Escherichia~phage~vB_EcoP_K,46
Escherichia~phage~vB_EcoP_PTXU04,92
Escherichia~phage~vB_EcoP_PhAPEC5,83
Escherichia~phage~vB_EcoP_PhAPEC7,83
Escherichia~phage~vB_EcoP_S523,45
Escherichia~phage~vB_EcoS-95,89
Escherichia~phage~vB_EcoS-IME253,74
Escherichia~phage~vB_EcoS_AKFV33,160
Escherichia~phage~vB_EcoS_ESCO41,79
Escherichia~phage~vB_EcoS_G29-2,85
Escherichia~phage~vB_EcoS_HdH2,178
Escherichia~phage~vB_EcoS_SH2,80
Escherichia~phage~vB_Ecos_CEB_EC3a,70
Escherichia~phage~vojen,80
Escherichia~phage~wV7,332
Escherichia~virus~AAPEc6,52
Escherichia~virus~VEc3,57
Escherichia~virus~VEc33,161
Escherichia~virus~Vec13,53
Escherichia~virus~mutPK1A2,59
Faecalibacterium~phage~FP_Brigit,94
Faecalibacterium~phage~FP_Epona,76
Faecalibacterium~phage~FP_Lagaffe,65
Faecalibacterium~phage~FP_Lugh,42
Faecalibacterium~phage~FP_Mushu,54
Faecalibacterium~phage~FP_Taranis,85
Faecalibacterium~phage~FP_Toutatis,89
Faecalibacterium~phage~FP_oengus,84
Flavobacterium~phage~11b,65
Flavobacterium~phage~1H,48
Flavobacterium~phage~23T,57
Flavobacterium~phage~2A,61
Flavobacterium~phage~6H,63
Flavobacterium~phage~FCL-2,74
Flavobacterium~phage~FCV-1,74
Flavobacterium~phage~FpV4,75
Flavobacterium~phage~Fpv1,80
Flavobacterium~phage~Fpv10,58
Flavobacterium~phage~Fpv11,58
Flavobacterium~phage~Fpv2,80
Flavobacterium~phage~Fpv20,82
Flavobacterium~phage~Fpv3,79
Flavobacterium~phage~Fpv5,58
Flavobacterium~phage~Fpv6,58
Flavobacterium~phage~Fpv7,58
Flavobacterium~phage~Fpv8,58
Flavobacterium~phage~vB_FspM_lotta8-1,53
Flavobacterium~phage~vB_FspM_pippi8-1,53
Flavobacterium~phage~vB_FspS_filifjonk9-1,68
Flavobacterium~phage~vB_FspS_hattifnatt9-1,76
Flavobacterium~phage~vB_FspS_hemulen6-1,70
Flavobacterium~phage~vB_FspS_laban6-1,57
Flavobacterium~phage~vB_FspS_lillamy9-1,73
Flavobacterium~phage~vB_FspS_morran9-1,73
Flavobacterium~phage~vB_FspS_mumin9-1,67
Flavobacterium~phage~vB_FspS_mymlan6-1,68
Flavobacterium~phage~vB_FspS_sniff9-1,74
Flavobacterium~phage~vB_FspS_snork6-1,73
Flavobacterium~phage~vB_FspS_snusmum6-1,72
Flavobacterium~phage~vB_FspS_stinky9-1,69
Flavobacterium~phage~vB_FspS_tant8-1,62
Flavobacterium~phage~vB_FspS_tooticki6-1,65
Geobacillus~phage~GBK2,62
Geobacillus~phage~GBSV1,54
Geobacillus~phage~TP-84,79
Geobacillus~virus~E2,62
Geobacillus~virus~E3,201
Gordonia~phage~Apricot,101
Gordonia~phage~Asapag,99
Gordonia~phage~Attis,74
Gordonia~phage~Avazak,93
Gordonia~phage~BENtherdunthat,102
Gordonia~phage~Bachita,182
Gordonia~phage~Bantam,168
Gordonia~phage~BaxterFox,86
Gordonia~phage~Beaver,109
Gordonia~phage~BetterKatz,75
Gordonia~phage~BirksAndSocks,110
Gordonia~phage~Blueberry,86
Gordonia~phage~Bowser,67
Gordonia~phage~Brandonk123,89
Gordonia~phage~BritBrat,98
Gordonia~phage~BrutonGaster,166
Gordonia~phage~CaptainKirk2,79
Gordonia~phage~CarolAnn,80
Gordonia~phage~Chelms,104
Gordonia~phage~Chikenjars,92
Gordonia~phage~ClubL,179
Gordonia~phage~Cozz,68
Gordonia~phage~Crocheter,91
Gordonia~phage~Cucurbita,178
Gordonia~phage~Daredevil,165
Gordonia~phage~Demosthenes,95
Gordonia~phage~Duffington,92
Gordonia~phage~Emalyn,67
Gordonia~phage~Eyre,74
Gordonia~phage~Fairfaxidum,81
Gordonia~phage~Flakey,107
Gordonia~phage~Fryberger,144
Gordonia~phage~GAL1,82
Gordonia~phage~GMA1,68
Gordonia~phage~GMA3,104
Gordonia~phage~GMA4,68
Gordonia~phage~GMA5,28
Gordonia~phage~GMA7,101
Gordonia~phage~GRU1,94
Gordonia~phage~GRU3,26
Gordonia~phage~GTE2,57
Gordonia~phage~GTE5,92
Gordonia~phage~GTE6,86
Gordonia~phage~GTE7,103
Gordonia~phage~GTE8,94
Gordonia~phage~Getalong,104
Gordonia~phage~Ghobes,59
Gordonia~phage~Gibbin,99
Gordonia~phage~Gmala1,90
Gordonia~phage~GodonK,214
Gordonia~phage~GordDuk1,97
Gordonia~phage~GordTnk2,98
Gordonia~phage~Gsput1,71
Gordonia~phage~Guacamole,78
Gordonia~phage~Gustav,69
Gordonia~phage~Hedwig,70
Gordonia~phage~Horus,103
Gordonia~phage~Hotorobo,108
Gordonia~phage~JSwag,101
Gordonia~phage~Jellybones,108
Gordonia~phage~John316,109
Gordonia~phage~Jumbo,102
Gordonia~phage~KatherineG,98
Gordonia~phage~Katyusha,99
Gordonia~phage~Kenna,98
Gordonia~phage~Kenosha,90
Gordonia~phage~Kita,80
Gordonia~phage~Kvothe,99
Gordonia~phage~Lambo,98
Gordonia~phage~Lennon,85
Gordonia~phage~Lucky10,70
Gordonia~phage~Mahdia,61
Gordonia~phage~McGonagall,27
Gordonia~phage~Monty,105
Gordonia~phage~Nyceirae,60
Gordonia~phage~Nymphadora,84
Gordonia~phage~Obliviate,80
Gordonia~phage~OhMyWard,86
Gordonia~phage~OneUp,163
Gordonia~phage~Orchid,114
Gordonia~phage~Phinally,87
Gordonia~phage~Phistory,106
Gordonia~phage~Ranch,101
Gordonia~phage~Remus,98
Gordonia~phage~Rickmore,92
Gordonia~phage~Ronaldo,147
Gordonia~phage~Rosalind,99
Gordonia~phage~Ruthy,73
Gordonia~phage~Sadboi,97
Gordonia~phage~Schnabeltier,71
Gordonia~phage~Secretariat,84
Gordonia~phage~Smoothie,179
Gordonia~phage~SoilAssassin,74
Gordonia~phage~Sombrero,108
Gordonia~phage~Soups,99
Gordonia~phage~Sour,79
Gordonia~phage~Splinter,79
Gordonia~phage~SteveFrench,103
Gordonia~phage~Strosahl,98
Gordonia~phage~Suzy,96
Gordonia~phage~Tanis,93
Gordonia~phage~Terapin,97
Gordonia~phage~Trine,66
Gordonia~phage~Troje,71
Gordonia~phage~Twister6,93
Gordonia~phage~UmaThurman,83
Gordonia~phage~Untouchable,93
Gordonia~phage~Utz,71
Gordonia~phage~Vendetta,79
Gordonia~phage~Vivi2,89
Gordonia~phage~Waits,98
Gordonia~phage~Wizard,89
Gordonia~phage~Woes,91
Gordonia~phage~Yeezy,86
Gordonia~phage~Yikes,98
Gordonia~phage~Yvonnetastic,198
Gordonia~phage~Zirinka,79
Haemophilus~phage~SuMu,55
Halocynthia~phage~JM-2012,173
Halorubrum~phage~HF2,126
Halovirus~HF1,125
Halovirus~HRTV-5,118
Halovirus~HRTV-7,105
Halovirus~HRTV-8,124
Halovirus~HSTV-2,103
Helicobacter~phage~1961P,33
Helicobacter~phage~phiHP33,27
Idiomarinaceae~phage~1N2-2,56
Idiomarinaceae~phage~Phi1M2-2,65
Klebsiella~phage~13,70
Klebsiella~phage~1513,72
Klebsiella~phage~2044-307w,44
Klebsiella~phage~3~LV-2017,36
Klebsiella~phage~4~LV-2017,38
Klebsiella~phage~AltoGao,53
Klebsiella~phage~F19,51
Klebsiella~phage~GH-K3,77
Klebsiella~phage~Henu1,42
Klebsiella~phage~JD001,68
Klebsiella~phage~JD18,278
Klebsiella~phage~JY917,44
Klebsiella~phage~K11,51
Klebsiella~phage~K5,46
Klebsiella~phage~K5-2,42
Klebsiella~phage~K5-4,42
Klebsiella~phage~KL,74
Klebsiella~phage~KLPN1,72
Klebsiella~phage~KOX1,81
Klebsiella~phage~KP-Rio/2015,47
Klebsiella~phage~KP15,258
Klebsiella~phage~KP1801,75
Klebsiella~phage~KP27,276
Klebsiella~phage~KP32,44
Klebsiella~phage~KP34,57
Klebsiella~phage~KP36,79
Klebsiella~phage~KP8,97
Klebsiella~phage~KPN~N137,79
Klebsiella~phage~KPN~N141,76
Klebsiella~phage~KPV811,43
Klebsiella~phage~KpCHEMY26,81
Klebsiella~phage~KpKT21phi1,76
Klebsiella~phage~Magnus,214
Klebsiella~phage~Marfa,279
Klebsiella~phage~Matisse,280
Klebsiella~phage~May,214
Klebsiella~phage~Menlow,215
Klebsiella~phage~MezzoGao,76
Klebsiella~phage~Miro,277
Klebsiella~phage~NJR15,75
Klebsiella~phage~NJS1,71
Klebsiella~phage~NJS2,79
Klebsiella~phage~PKO111,203
Klebsiella~phage~PKP126,78
Klebsiella~phage~Pharr,47
Klebsiella~phage~PhiKpNIH-2,81
Klebsiella~phage~Pylas,92
Klebsiella~phage~SH-Kp~152410,47
Klebsiella~phage~ST13-OXA48phi12.1,50
Klebsiella~phage~ST147-VIM1phi7.1,42
Klebsiella~phage~ST15-OXA48phi14.1,46
Klebsiella~phage~ST16-OXA48phi5.4,46
Klebsiella~phage~ST437-OXA245phi4.1,53
Klebsiella~phage~ST437-OXA245phi4.2,26
Klebsiella~phage~ST512-KPC3phi13.2,44
Klebsiella~phage~Seifer,82
Klebsiella~phage~Shelby,78
Klebsiella~phage~Sin4,78
Klebsiella~phage~Skenny,78
Klebsiella~phage~Soft,87
Klebsiella~phage~Sugarland,169
Klebsiella~phage~Sushi,76
Klebsiella~phage~Sweeny,78
Klebsiella~phage~TAH8,76
Klebsiella~phage~TSK1,74
Klebsiella~phage~ZCKP1,267
Klebsiella~phage~kpssk3,42
Klebsiella~phage~myPSH1235,49
Klebsiella~phage~phiBO1E,59
Klebsiella~phage~phiKO2,64
Klebsiella~phage~phiKpS2,53
Klebsiella~phage~vB_Kp1,47
Klebsiella~phage~vB_KpnM_BIS47,262
Klebsiella~phage~vB_KpnM_KB57,245
Klebsiella~phage~vB_KpnM_KpV477,275
Klebsiella~phage~vB_KpnM_KpV52,75
Klebsiella~phage~vB_KpnM_KpV79,75
Klebsiella~phage~vB_KpnP_BIS33,56
Klebsiella~phage~vB_KpnP_IL33,54
Klebsiella~phage~vB_KpnP_IME205,49
Klebsiella~phage~vB_KpnP_IME321,49
Klebsiella~phage~vB_KpnP_KpV289,51
Klebsiella~phage~vB_KpnP_KpV48,57
Klebsiella~phage~vB_KpnP_KpV74,56
Klebsiella~phage~vB_KpnP_KpV763,49
Klebsiella~phage~vB_KpnP_KpV766,50
Klebsiella~phage~vB_KpnP_KpV767,52
Klebsiella~phage~vB_KpnP_PRA33,52
Klebsiella~phage~vB_KpnP_SU503,54
Klebsiella~phage~vB_KpnP_SU552A,54
Klebsiella~phage~vB_KpnS_15-38_KLPPOU149,77
Klebsiella~phage~vB_KpnS_Alina,83
Klebsiella~phage~vB_KpnS_Call,82
Klebsiella~phage~vB_KpnS_Domnhall,90
Klebsiella~phage~vB_KpnS_FZ10,42
Klebsiella~phage~vB_KpnS_IME279,59
Klebsiella~phage~vB_KpnS_IMGroot,88
Klebsiella~phage~vB_KpnS_KpV522,79
Klebsiella~phage~vB_KpnS_SegesCirculi,80
Klebsiella~phage~vB_Kpn_F48,283
Klebsiella~phage~vB_Kpn_IME260,149
Klebsiella~virus~GML-KpCol1,78
Klebsiella~virus~KpS8,261
Klebsiella~virus~UPM~2146,214
Klebsiella~virus~vB_KpnM_KpS110,201
Kluyvera~phage~Kvp1,47
Lactobacillus~phage~3-521,155
Lactobacillus~phage~521B,188
Lactobacillus~phage~A2,62
Lactobacillus~phage~ATCC~8014-B2,127
Lactobacillus~phage~BH1,57
Lactobacillus~phage~Bacchae,180
Lactobacillus~phage~Bromius,172
Lactobacillus~phage~CL1,62
Lactobacillus~phage~CL2,60
Lactobacillus~phage~Iacchus,170
Lactobacillus~phage~J-1,63
Lactobacillus~phage~JCL1032,77
Lactobacillus~phage~KC5a,61
Lactobacillus~phage~LBR48,86
Lactobacillus~phage~LF1,57
Lactobacillus~phage~LJ,65
Lactobacillus~phage~LL-H,51
Lactobacillus~phage~Lb,61
Lactobacillus~phage~Lc-Nu,51
Lactobacillus~phage~Ld17,50
Lactobacillus~phage~Ld25A,51
Lactobacillus~phage~Ld3,49
Lactobacillus~phage~Ldl1,79
Lactobacillus~phage~Lenus,131
Lactobacillus~phage~LfeSau,50
Lactobacillus~phage~Lpa804,105
Lactobacillus~phage~LpeD,100
Lactobacillus~phage~Lrm1,54
Lactobacillus~phage~Lv-1,47
Lactobacillus~phage~Maenad,109
Lactobacillus~phage~Nyseid,125
Lactobacillus~phage~P1,86
Lactobacillus~phage~PL-1,59
Lactobacillus~phage~PLE2,51
Lactobacillus~phage~PLE3,60
Lactobacillus~phage~SA-C12,121
Lactobacillus~phage~SAC12B,191
Lactobacillus~phage~Satyr,111
Lactobacillus~phage~Semele,177
Lactobacillus~phage~Sha1,58
Lactobacillus~phage~ViSo-2018a,87
Lactobacillus~phage~iA2,50
Lactobacillus~phage~iLp1308,50
Lactobacillus~phage~iLp84,60
Lactobacillus~phage~phi~jlb1,54
Lactobacillus~phage~phiAT3,55
Lactobacillus~phage~phiJB,46
Lactobacillus~phage~phiLdb,59
Lactobacillus~phage~phiPYB5,46
Lactobacillus~phage~phig1e,60
Lactobacillus~prophage~Lj928,50
Lactobacillus~prophage~Lj965,46
Lactococcus~lactis~phage~P475,57
Lactococcus~lactis~phage~p272,61
Lactococcus~phage~05601,59
Lactococcus~phage~10W18,59
Lactococcus~phage~1358,43
Lactococcus~phage~13W11L,53
Lactococcus~phage~16802,47
Lactococcus~phage~16W23,56
Lactococcus~phage~1706,76
Lactococcus~phage~28201,51
Lactococcus~phage~30804,56
Lactococcus~phage~340,58
Lactococcus~phage~37201,52
Lactococcus~phage~38503,54
Lactococcus~phage~38507,60
Lactococcus~phage~3R16S,57
Lactococcus~phage~50101,51
Lactococcus~phage~50902,47
Lactococcus~phage~51701,55
Lactococcus~phage~56003,61
Lactococcus~phage~56301,57
Lactococcus~phage~57001,48
Lactococcus~phage~62503,50
Lactococcus~phage~62601,53
Lactococcus~phage~62605,53
Lactococcus~phage~63301,48
Lactococcus~phage~63302,50
Lactococcus~phage~66901,46
Lactococcus~phage~79201,53
Lactococcus~phage~88605,54
Lactococcus~phage~8V08,54
Lactococcus~phage~936~group~phage~Phi109,54
Lactococcus~phage~936~group~phage~Phi155,55
Lactococcus~phage~936~group~phage~Phi19.3,52
Lactococcus~phage~936~group~phage~Phi4.2,59
Lactococcus~phage~936~group~phage~Phi44,52
Lactococcus~phage~936~group~phage~Phi5.12,53
Lactococcus~phage~936~group~phage~Phi91127,58
Lactococcus~phage~936~group~phage~PhiA.16,49
Lactococcus~phage~936~group~phage~PhiB1127,53
Lactococcus~phage~936~group~phage~PhiE1127,60
Lactococcus~phage~936~group~phage~PhiF0139,57
Lactococcus~phage~936~group~phage~PhiJF1,58
Lactococcus~phage~936~group~phage~PhiL.18,55
Lactococcus~phage~936~group~phage~PhiL.6,59
Lactococcus~phage~936~group~phage~PhiLj,49
Lactococcus~phage~936~group~phage~PhiM1127,59
Lactococcus~phage~936~group~phage~PhiS0139,53
Lactococcus~phage~949,154
Lactococcus~phage~96401,54
Lactococcus~phage~96403,47
Lactococcus~phage~96603,50
Lactococcus~phage~98201,52
Lactococcus~phage~AM4,194
Lactococcus~phage~AM6,90
Lactococcus~phage~BK5-T,63
Lactococcus~phage~BM13,55
Lactococcus~phage~CHPC129,55
Lactococcus~phage~CHPC361,55
Lactococcus~phage~CHPC362,45
Lactococcus~phage~CHPC52,54
Lactococcus~phage~CHPC781,56
Lactococcus~phage~CHPC958,62
Lactococcus~phage~CHPC959,59
Lactococcus~phage~CHPC964,56
Lactococcus~phage~CHPC965,47
Lactococcus~phage~CaseusJM1,51
Lactococcus~phage~D4410,40
Lactococcus~phage~D4412,40
Lactococcus~phage~GE1,48
Lactococcus~phage~LP0209,53
Lactococcus~phage~LP0903,54
Lactococcus~phage~LP1502a,52
Lactococcus~phage~LP8511,52
Lactococcus~phage~LP9207,54
Lactococcus~phage~LP9404,54
Lactococcus~phage~LP9609,55
Lactococcus~phage~LP9903,54
Lactococcus~phage~LP9908,53
Lactococcus~phage~LW81,178
Lactococcus~phage~M5938,38
Lactococcus~phage~M6162,38
Lactococcus~phage~M6165,37
Lactococcus~phage~MP1,55
Lactococcus~phage~MV10L,58
Lactococcus~phage~P078,78
Lactococcus~phage~P087,88
Lactococcus~phage~P092,76
Lactococcus~phage~P1045,52
Lactococcus~phage~P1048,167
Lactococcus~phage~P118,80
Lactococcus~phage~P1532,46
Lactococcus~phage~P162,82
Lactococcus~phage~P4565,55
Lactococcus~phage~P596,81
Lactococcus~phage~P656,47
Lactococcus~phage~P680,49
Lactococcus~phage~PLgT-1,66
Lactococcus~phage~Q54,47
Lactococcus~phage~R31,51
Lactococcus~phage~TP901-1,56
Lactococcus~phage~Tuc2009,56
Lactococcus~phage~WRP3,178
Lactococcus~phage~asccphi28,28
Lactococcus~phage~fd13,53
Lactococcus~phage~i0139,52
Lactococcus~phage~jm2,59
Lactococcus~phage~jm3,52
Lactococcus~phage~phi145,55
Lactococcus~phage~phi15,55
Lactococcus~phage~phi7,57
Lactococcus~phage~phiL47,189
Lactococcus~phage~phiLC3,51
Lactococcus~phage~ul36,61
Lactococcus~phage~vB_Llc_bIBB5g1,55
Lactococcus~phage~vB_Llc_bIBBF12,55
Leclercia~phage~10164-302,46
Lelliottia~phage~phD2B,49
Lentibacter~virus~vB_LenP_ICBM1,58
Lentibacter~virus~vB_LenP_ICBM2,55
Leptospira~phage~LE3,83
Leptospira~phage~LE4,81
Leuconostoc~phage~1-A4,50
Leuconostoc~phage~Lmd1,40
Leuconostoc~phage~Ln-8,45
Leuconostoc~phage~Ln-9,48
Leuconostoc~phage~P793,38
Leuconostoc~phage~phiLN03,39
Leuconostoc~phage~phiLN04,39
Leuconostoc~phage~phiLN12,41
Leuconostoc~phage~phiLN25,41
Leuconostoc~phage~phiLN34,41
Leuconostoc~phage~phiLN6B,39
Leuconostoc~phage~phiLNTR2,42
Leuconostoc~phage~phiLNTR3,41
Liberibacter~phage~SC1,40
Liberibacter~phage~SC2,47
Listeria~phage~A006,64
Listeria~phage~A118,72
Listeria~phage~A500,63
Listeria~phage~B025,66
Listeria~phage~B054,80
Listeria~phage~LMSP-25,187
Listeria~phage~LMTA-148,177
Listeria~phage~LMTA-57,196
Listeria~phage~LMTA-94,189
Listeria~phage~LP-026,114
Listeria~phage~LP-030-2,69
Listeria~phage~LP-030-3,73
Listeria~phage~LP-037,114
Listeria~phage~LP-048,177
Listeria~phage~LP-064,188
Listeria~phage~LP-083-2,189
Listeria~phage~LP-101,70
Listeria~phage~LP-110,113
Listeria~phage~LP-114,116
Listeria~phage~LP-124,188
Listeria~phage~LP-125,189
Listeria~phage~LP-HM00113468,54
Listeria~phage~List-36,174
Listeria~phage~P35,56
Listeria~phage~P40,62
Listeria~phage~P70,119
Listeria~phage~WIL-1,38
Listeria~phage~vB_LmoM_AG20,178
Listeria~phage~vB_LmoS_188,60
Listeria~phage~vB_LmoS_293,72
Listonella~phage~phiHSIC,47
Mannheimia~phage~vB_MhM_1127AP1,52
Mannheimia~phage~vB_MhM_3927AP2,50
Mannheimia~phage~vB_MhM_587AP1,51
Mannheimia~phage~vB_MhS_1152AP2,79
Mannheimia~phage~vB_MhS_535AP2,79
Mannheimia~phage~vB_MhS_587AP2,77
Marinomonas~phage~CB5A,54
Marinomonas~phage~CPP1m,50
Marinomonas~phage~P12026,54
Microbacterium~phage~Akoni,55
Microbacterium~phage~Alex44,55
Microbacterium~phage~Appa,65
Microbacterium~phage~Araxxi,50
Microbacterium~phage~Arete,49
Microbacterium~phage~Armstrong,68
Microbacterium~phage~Burro,49
Microbacterium~phage~Dismas,66
Microbacterium~phage~Eden,69
Microbacterium~phage~Eleri,63
Microbacterium~phage~Fireman,96
Microbacterium~phage~Golden,58
Microbacterium~phage~Goodman,62
Microbacterium~phage~Hamlet,63
Microbacterium~phage~Hendrix,155
Microbacterium~phage~Hyperion,104
Microbacterium~phage~Ilzat,62
Microbacterium~phage~KaiHaiDragon,92
Microbacterium~phage~Koji,56
Microbacterium~phage~Krampus,83
Microbacterium~phage~McGalleon,63
Microbacterium~phage~MementoMori,96
Microbacterium~phage~Metamorphoo,93
Microbacterium~phage~Min1,77
Microbacterium~phage~MonChoix,63
Microbacterium~phage~Neferthena,62
Microbacterium~phage~OneinaGillian,103
Microbacterium~phage~Paschalis,91
Microbacterium~phage~Phedro,55
Microbacterium~phage~Pikmin,59
Microbacterium~phage~Quhwah,95
Microbacterium~phage~RobsFeet,99
Microbacterium~phage~Schubert,55
Microbacterium~phage~Squash,108
Microbacterium~phage~Teagan,63
Microbacterium~phage~TinyTimothy,53
Microbacterium~phage~Zeta1847,75
Microbacterium~phage~vB_MoxS-ISF9,120
Morganella~phage~MmP1,49
Morganella~phage~vB_MmoM_MP1,271
Morganella~phage~vB_MmoP_MP2,55
Mycobacterium~phage~20ES,96
Mycobacterium~phage~32HC,86
Mycobacterium~phage~39HC,100
Mycobacterium~phage~40AC,90
Mycobacterium~phage~Abrogate,91
Mycobacterium~phage~Adawi,98
Mycobacterium~phage~Adzzy,96
Mycobacterium~phage~Aeneas,99
Mycobacterium~phage~Akoma,104
Mycobacterium~phage~Alice,222
Mycobacterium~phage~Alsfro,98
Mycobacterium~phage~Alvin,86
Mycobacterium~phage~Angel,61
Mycobacterium~phage~AnnaL29,96
Mycobacterium~phage~Anubis,93
Mycobacterium~phage~Apizium,100
Mycobacterium~phage~ArcherNM,91
Mycobacterium~phage~ArcherS7,237
Mycobacterium~phage~Archie,128
Mycobacterium~phage~Ariel,245
Mycobacterium~phage~Artemis2UCLA,102
Mycobacterium~phage~Astraea,232
Mycobacterium~phage~Athena,105
Mycobacterium~phage~BTCU-1,73
Mycobacterium~phage~Bactobuster,87
Mycobacterium~phage~Badfish,102
Mycobacterium~phage~Baee,96
Mycobacterium~phage~Bane1,94
Mycobacterium~phage~Barnyard,109
Mycobacterium~phage~BarrelRoll,95
Mycobacterium~phage~Barriga,101
Mycobacterium~phage~BellusTerra,89
Mycobacterium~phage~Bernal13,60
Mycobacterium~phage~Bernardo,100
Mycobacterium~phage~BigNuz,82
Mycobacterium~phage~Bipolar,106
Mycobacterium~phage~Bipper,135
Mycobacterium~phage~Blue7,103
Mycobacterium~phage~Bobi,107
Mycobacterium~phage~Bongo,132
Mycobacterium~phage~Breeniome,236
Mycobacterium~phage~Brocalys,96
Mycobacterium~phage~BrownCNA,97
Mycobacterium~phage~Bruin,141
Mycobacterium~phage~Brusacoram,78
Mycobacterium~phage~Butters,66
Mycobacterium~phage~BuzzLyseyear,110
Mycobacterium~phage~Bxz1,225
Mycobacterium~phage~CASbig,97
Mycobacterium~phage~CRB1,94
Mycobacterium~phage~Cabrinians,101
Mycobacterium~phage~Cali,222
Mycobacterium~phage~Cambiare,67
Mycobacterium~phage~CaptainTrips,107
Mycobacterium~phage~Carcharodon,71
Mycobacterium~phage~Catalina,101
Mycobacterium~phage~Catdawg,128
Mycobacterium~phage~Catera,218
Mycobacterium~phage~Cerasum,102
Mycobacterium~phage~Chadwick,88
Mycobacterium~phage~Charlie,68
Mycobacterium~phage~Cheetobro,92
Mycobacterium~phage~ChrisnMich,100
Mycobacterium~phage~Chy4,73
Mycobacterium~phage~Chy5,88
Mycobacterium~phage~CloudWang3,103
Mycobacterium~phage~Colbert,100
Mycobacterium~phage~Conspiracy,86
Mycobacterium~phage~Contagion,140
Mycobacterium~phage~Cooper,99
Mycobacterium~phage~Cornie,101
Mycobacterium~phage~Crossroads,133
Mycobacterium~phage~Cuke,127
Mycobacterium~phage~DD5,87
Mycobacterium~phage~DS6A,97
Mycobacterium~phage~Damien,93
Mycobacterium~phage~Dandelion,238
Mycobacterium~phage~Dante,105
Mycobacterium~phage~Donovan,78
Mycobacterium~phage~Dori,94
Mycobacterium~phage~DrDrey,144
Mycobacterium~phage~DrLupo,110
Mycobacterium~phage~Dreamboat,94
Mycobacterium~phage~Dumbo,147
Mycobacterium~phage~Dusk,142
Mycobacterium~phage~Dylan,121
Mycobacterium~phage~ET08,218
Mycobacterium~phage~EagleEye,95
Mycobacterium~phage~Echild,100
Mycobacterium~phage~Edtherson,91
Mycobacterium~phage~Enkosi,79
Mycobacterium~phage~Equemioh13,96
Mycobacterium~phage~Eremos,99
Mycobacterium~phage~EvilGenius,93
Mycobacterium~phage~First,95
Mycobacterium~phage~Fishburne,77
Mycobacterium~phage~FlagStaff,65
Mycobacterium~phage~Florinda,117
Mycobacterium~phage~Fowlmouth,120
Mycobacterium~phage~Fredward,103
Mycobacterium~phage~Gadjet,102
Mycobacterium~phage~Gaia,179
Mycobacterium~phage~Gardann,126
Mycobacterium~phage~Gengar,95
Mycobacterium~phage~Giles,78
Mycobacterium~phage~Gizmo,241
Mycobacterium~phage~Godines,91
Mycobacterium~phage~Goku,143
Mycobacterium~phage~Gompeii16,91
Mycobacterium~phage~Graduation,97
Mycobacterium~phage~Gumball,88
Mycobacterium~phage~HINdeR,84
Mycobacterium~phage~Hades,102
Mycobacterium~phage~Hamulus,105
Mycobacterium~phage~HanShotFirst,91
Mycobacterium~phage~Hawkeye,104
Mycobacterium~phage~Hosp,97
Mycobacterium~phage~HufflyPuff,146
Mycobacterium~phage~HyRo,224
Mycobacterium~phage~Indlulamithi,111
Mycobacterium~phage~Inventum,102
Mycobacterium~phage~Iracema64,88
Mycobacterium~phage~JAMaL,98
Mycobacterium~phage~Jabbawokkie,106
Mycobacterium~phage~JacAttac,102
Mycobacterium~phage~Jebeks,75
Mycobacterium~phage~Job42,106
Mycobacterium~phage~Jobu08,85
Mycobacterium~phage~Jolie1,98
Mycobacterium~phage~Jolie2,62
Mycobacterium~phage~Jovo,84
Mycobacterium~phage~Kampy,88
Mycobacterium~phage~KayaCho,95
Mycobacterium~phage~Keshu,101
Mycobacterium~phage~Kikipoo,104
Mycobacterium~phage~Kimberlium,105
Mycobacterium~phage~Konstantine,95
Mycobacterium~phage~Kratio,99
Mycobacterium~phage~LadyBird,96
Mycobacterium~phage~Lamina13,96
Mycobacterium~phage~Larenn,92
Mycobacterium~phage~Leo,59
Mycobacterium~phage~Lilac,140
Mycobacterium~phage~LinStu,226
Mycobacterium~phage~LittleCherry,87
Mycobacterium~phage~Llama,111
Mycobacterium~phage~Llij,100
Mycobacterium~phage~Lolly9,130
Mycobacterium~phage~Loser,97
Mycobacterium~phage~Luchador,96
Mycobacterium~phage~Lukilu,221
Mycobacterium~phage~MOOREtheMARYer,67
Mycobacterium~phage~Makemake,93
Mycobacterium~phage~Malithi,79
Mycobacterium~phage~Manad,101
Mycobacterium~phage~MarQuardt,90
Mycobacterium~phage~Marvin,107
Mycobacterium~phage~MiaZeal,250
Mycobacterium~phage~MichelleMyBell,70
Mycobacterium~phage~Milly,94
Mycobacterium~phage~Mindy,147
Mycobacterium~phage~Minerva,238
Mycobacterium~phage~MoMoMixon,228
Mycobacterium~phage~MosMoris,111
Mycobacterium~phage~Muddy,71
Mycobacterium~phage~Mufasa,94
Mycobacterium~phage~Mulciber,98
Mycobacterium~phage~Murphy,146
Mycobacterium~phage~Murucutumbu,95
Mycobacterium~phage~Myrna,229
Mycobacterium~phage~Nala,147
Mycobacterium~phage~Nappy,232
Mycobacterium~phage~NelitzaMV,139
Mycobacterium~phage~Nerujay,97
Mycobacterium~phage~Newman,97
Mycobacterium~phage~Nhonho,88
Mycobacterium~phage~Nigel,94
Mycobacterium~phage~Nyxis,87
Mycobacterium~phage~OSmaximus,102
Mycobacterium~phage~Oaker,92
Mycobacterium~phage~Obama12,89
Mycobacterium~phage~OkiRoe,96
Mycobacterium~phage~Oline,101
Mycobacterium~phage~Orion,100
Mycobacterium~phage~Ovechkin,106
Mycobacterium~phage~PBI1,81
Mycobacterium~phage~PG1,100
Mycobacterium~phage~PLot,89
Mycobacterium~phage~Panchino,66
Mycobacterium~phage~Papez,94
Mycobacterium~phage~Papyrus,100
Mycobacterium~phage~Pari,91
Mycobacterium~phage~Patience,110
Mycobacterium~phage~PattyP,92
Mycobacterium~phage~PegLeg,138
Mycobacterium~phage~Pepe,86
Mycobacterium~phage~Phaedrus,98
Mycobacterium~phage~Phantastic,91
Mycobacterium~phage~PhatBacter,148
Mycobacterium~phage~Phatniss,101
Mycobacterium~phage~Phaux,145
Mycobacterium~phage~Phayonce,77
Mycobacterium~phage~Phelemich,95
Mycobacterium~phage~Phipps,99
Mycobacterium~phage~Phlei,81
Mycobacterium~phage~Phlyer,105
Mycobacterium~phage~Phrann,67
Mycobacterium~phage~PhrostyMug,97
Mycobacterium~phage~Phrux,141
Mycobacterium~phage~Pinto,87
Mycobacterium~phage~Pioneer,99
Mycobacterium~phage~Pipefish,102
Mycobacterium~phage~Pipsqueaks,73
Mycobacterium~phage~Piro94,94
Mycobacterium~phage~Pleione,236
Mycobacterium~phage~PopTart,95
Mycobacterium~phage~Pops,99
Mycobacterium~phage~Predator,92
Mycobacterium~phage~Quico,112
Mycobacterium~phage~Quink,151
Mycobacterium~phage~Qyrzula,81
Mycobacterium~phage~RedRock,95
Mycobacterium~phage~Redi,69
Mycobacterium~phage~Redno2,231
Mycobacterium~phage~Renaud18,112
Mycobacterium~phage~Reprobate,97
Mycobacterium~phage~Rey,153
Mycobacterium~phage~RhynO,73
Mycobacterium~phage~RidgeCB,94
Mycobacterium~phage~Rizal,220
Mycobacterium~phage~Rockstar,78
Mycobacterium~phage~Rosebush,90
Mycobacterium~phage~Rufus,93
Mycobacterium~phage~SWU1,94
Mycobacterium~phage~Saal,101
Mycobacterium~phage~SarFire,99
Mycobacterium~phage~Sbash,89
Mycobacterium~phage~ScottMcG,221
Mycobacterium~phage~Seabiscuit,94
Mycobacterium~phage~Seagreen,105
Mycobacterium~phage~Sebata,230
Mycobacterium~phage~Send513,98
Mycobacterium~phage~Serenity,97
Mycobacterium~phage~Severus,80
Mycobacterium~phage~Shauna1,107
Mycobacterium~phage~ShedlockHolmes,100
Mycobacterium~phage~Sheen,84
Mycobacterium~phage~ShiLan,107
Mycobacterium~phage~ShiVal,101
Mycobacterium~phage~Shipwreck,81
Mycobacterium~phage~SiSi,99
Mycobacterium~phage~SirDuracell,145
Mycobacterium~phage~SkiPole,102
Mycobacterium~phage~SkinnyPete,67
Mycobacterium~phage~Smeadley,100
Mycobacterium~phage~Sneeze,64
Mycobacterium~phage~Snenia,130
Mycobacterium~phage~Solon,86
Mycobacterium~phage~Soto,98
Mycobacterium~phage~Sparkdehlily,111
Mycobacterium~phage~Sparky,91
Mycobacterium~phage~Spartacus,110
Mycobacterium~phage~Spud,222
Mycobacterium~phage~Squirty,102
Mycobacterium~phage~Stinger,95
Mycobacterium~phage~Suffolk,97
Mycobacterium~phage~SweetiePie,95
Mycobacterium~phage~Swirley,87
Mycobacterium~phage~Swish,103
Mycobacterium~phage~Switzer,91
Mycobacterium~phage~TChen,101
Mycobacterium~phage~TM4,89
Mycobacterium~phage~Tasp14,89
Mycobacterium~phage~Theia,87
Mycobacterium~phage~TheloniousMonk,90
Mycobacterium~phage~ThetaBob,106
Mycobacterium~phage~Thibault,216
Mycobacterium~phage~Tiffany,89
Mycobacterium~phage~Tiger,85
Mycobacterium~phage~Timshel,85
Mycobacterium~phage~Tonenili,258
Mycobacterium~phage~Tortellini,76
Mycobacterium~phage~Toto,140
Mycobacterium~phage~Trike,65
Mycobacterium~phage~Trixie,92
Mycobacterium~phage~Troll4,84
Mycobacterium~phage~Trouble,94
Mycobacterium~phage~Turbido,94
Mycobacterium~phage~Turj99,86
Mycobacterium~phage~Tweety,109
Mycobacterium~phage~Twister,87
Mycobacterium~phage~U2,81
Mycobacterium~phage~UncleHowie,98
Mycobacterium~phage~UnionJack,86
Mycobacterium~phage~Validus,105
Mycobacterium~phage~Vincenzo,98
Mycobacterium~phage~Violet,90
Mycobacterium~phage~Vista,101
Mycobacterium~phage~VohminGhazi,100
Mycobacterium~phage~Vortex,99
Mycobacterium~phage~WIVsmall,83
Mycobacterium~phage~Wanda,240
Mycobacterium~phage~Wee,109
Mycobacterium~phage~Whirlwind,128
Mycobacterium~phage~Wile,85
Mycobacterium~phage~XFactor,95
Mycobacterium~phage~Xeno,69
Mycobacterium~phage~Zaka,101
Mycobacterium~phage~Zemanar,95
Mycobacterium~phage~ZoeJ,92
Mycobacterium~virus~Acadian,97
Mycobacterium~virus~Alma,96
Mycobacterium~virus~Arturo,86
Mycobacterium~virus~Astro,99
Mycobacterium~virus~BBPiebs31,96
Mycobacterium~virus~Backyardigan,84
Mycobacterium~virus~Benedict,90
Mycobacterium~virus~Bron,123
Mycobacterium~virus~Bxz2,86
Mycobacterium~virus~Cuco,86
Mycobacterium~virus~Faith1,129
Mycobacterium~virus~Fionnbarth,94
Mycobacterium~virus~George,82
Mycobacterium~virus~Gladiator,96
Mycobacterium~virus~Goose,86
Mycobacterium~virus~Hammer,104
Mycobacterium~virus~Ibhubesi,103
Mycobacterium~virus~JC27,97
Mycobacterium~virus~JHC117,85
Mycobacterium~virus~Jeffabunny,92
Mycobacterium~virus~LHTSCC,91
Mycobacterium~virus~Lesedi,89
Mycobacterium~virus~Microwolf,85
Mycobacterium~virus~Mozy,108
Mycobacterium~virus~Museum,90
Mycobacterium~virus~Peaches,86
Mycobacterium~virus~Pixie,100
Mycobacterium~virus~Pukovnik,88
Mycobacterium~virus~Rebeuca,86
Mycobacterium~virus~Saintus,95
Mycobacterium~virus~TA17a,95
Nocardia~phage~NBR1,68
Nodularia~phage~vB_NspS-kac65v151,206
Nodularia~phage~vB_NspS-kac68v161,198
Oenococcus~phage~phi9805,55
Oenococcus~phage~phiS11,59
Oenococcus~phage~phiS13,54
Paenibacillus~phage~BN12,73
Paenibacillus~phage~Eltigre,67
Paenibacillus~phage~Fern,68
Paenibacillus~phage~HB10c2,56
Paenibacillus~phage~Harrison,84
Paenibacillus~phage~Jacopo,66
Paenibacillus~phage~Kawika,71
Paenibacillus~phage~Leyra,75
Paenibacillus~phage~Likha,65
Paenibacillus~phage~Lucielle,65
Paenibacillus~phage~PBL1c,79
Paenibacillus~phage~Pagassa,70
Paenibacillus~phage~Tadhana,65
Paenibacillus~phage~Tripp,92
Paenibacillus~phage~Vegas,86
Paenibacillus~phage~Willow,68
Paenibacillus~phage~Xenia,77
Paenibacillus~phage~Yerffej,69
Paenibacillus~phage~phiIBB_Pl23,68
Panteoa~phage~Kyle,113
Pantoea~phage~LIMElight,55
Pantoea~phage~LIMEzero,57
Pantoea~phage~vB_PagM_AAM37,86
Pantoea~phage~vB_PagM_LIET2,131
Pantoea~phage~vB_PagM_PSKM,82
Pantoea~phage~vB_PagS_AAS23,92
Pantoea~phage~vB_PagS_Vid5,99
Paracoccus~phage~Shpa,56
Paracoccus~phage~vB_PmaS-R3,52
Pasteurella~phage~PHB01,43
Pasteurella~phage~PHB02,47
Pectobacterium~bacteriophage~PM2,291
Pectobacterium~phage~Arno160,48
Pectobacterium~phage~CBB,605
Pectobacterium~phage~Clickz,56
Pectobacterium~phage~DU_PP_II,42
Pectobacterium~phage~DU_PP_V,127
Pectobacterium~phage~Gaspode,60
Pectobacterium~phage~Jarilo,46
Pectobacterium~phage~Khlen,55
Pectobacterium~phage~Koot,53
Pectobacterium~phage~Lelidair,57
Pectobacterium~phage~My1,149
Pectobacterium~phage~Nepra,92
Pectobacterium~phage~Nobby,53
Pectobacterium~phage~PP1,48
Pectobacterium~phage~PP16,57
Pectobacterium~phage~PP2,47
Pectobacterium~phage~PP47,53
Pectobacterium~phage~PP74,50
Pectobacterium~phage~PP81,52
Pectobacterium~phage~PP90,56
Pectobacterium~phage~PP99,56
Pectobacterium~phage~Peat1,61
Pectobacterium~phage~PhiM1,52
Pectobacterium~phage~Phoria,55
Pectobacterium~phage~ZF40,68
Pectobacterium~phage~Zenivior,54
Pectobacterium~phage~phiA41,97
Pectobacterium~phage~phiTE,243
Pectobacterium~phage~vB_PatP_CB1,97
Pectobacterium~phage~vB_PatP_CB4,100
Pectobacterium~phage~vB_PatP_CB5,59
Pediococcus~phage~cIP1,57
Pelagibacter~phage~HTVC008M,198
Pelagibacter~phage~HTVC010P,64
Pelagibacter~phage~HTVC011P,45
Pelagibacter~phage~HTVC019P,59
Phage~MedPE-SWcel-C56,53
Phage~NBEco001,172
Phage~NBEco002,171
Phage~NBSal003,170
Phage~NBSal005,178
Phage~NC-A,42
Photobacterium~phage~PDCC-1,214
Planktothrix~phage~PaV-LD,142
Polaribacter~phage~P12002L,82
Polaribacter~phage~P12002S,86
Prochlorococcus~phage~P-HM1,241
Prochlorococcus~phage~P-HM2,242
Prochlorococcus~phage~P-RSM4,239
Prochlorococcus~phage~P-SSM2,334
Prochlorococcus~phage~P-SSM4,221
Prochlorococcus~phage~P-SSM7,237
Prochlorococcus~phage~P-TIM68,246
Prochlorococcus~phage~Syn1,234
Prochlorococcus~phage~Syn33,227
Propionibacterium~phage~ATCC29399B_C,46
Propionibacterium~phage~ATCC29399B_T,46
Propionibacterium~phage~Anatole,55
Propionibacterium~phage~Attacne,45
Propionibacterium~phage~B22,61
Propionibacterium~phage~B3,57
Propionibacterium~phage~BruceLethal,44
Propionibacterium~phage~Doucette,61
Propionibacterium~phage~E6,60
Propionibacterium~phage~Enoki,45
Propionibacterium~phage~G4,69
Propionibacterium~phage~Keiki,45
Propionibacterium~phage~Kubed,44
Propionibacterium~phage~Lauchelly,45
Propionibacterium~phage~Moyashi,44
Propionibacterium~phage~MrAK,46
Propionibacterium~phage~Ouroboros,45
Propionibacterium~phage~P1.1,45
Propionibacterium~phage~P100D,47
Propionibacterium~phage~P100_1,47
Propionibacterium~phage~P100_A,45
Propionibacterium~phage~P101A,47
Propionibacterium~phage~P104A,45
Propionibacterium~phage~P105,45
Propionibacterium~phage~P9.1,45
Propionibacterium~phage~PA1-14,45
Propionibacterium~phage~PA6,48
Propionibacterium~phage~PAC1,42
Propionibacterium~phage~PFR1,56
Propionibacterium~phage~PFR2,58
Propionibacterium~phage~PHL009M11,45
Propionibacterium~phage~PHL010M04,45
Propionibacterium~phage~PHL025M00,43
Propionibacterium~phage~PHL030N00,45
Propionibacterium~phage~PHL037M02,45
Propionibacterium~phage~PHL041M10,45
Propionibacterium~phage~PHL055N00,45
Propionibacterium~phage~PHL060L00,46
Propionibacterium~phage~PHL067M01,46
Propionibacterium~phage~PHL067M10,45
Propionibacterium~phage~PHL070N00,44
Propionibacterium~phage~PHL071N05,45
Propionibacterium~phage~PHL082M00,47
Propionibacterium~phage~PHL082M03,46
Propionibacterium~phage~PHL085N00,44
Propionibacterium~phage~PHL092M00,45
Propionibacterium~phage~PHL095N00,45
Propionibacterium~phage~PHL111M01,45
Propionibacterium~phage~PHL112N00,46
Propionibacterium~phage~PHL113M01,44
Propionibacterium~phage~PHL114L00,46
Propionibacterium~phage~PHL116M00,46
Propionibacterium~phage~PHL117M00,45
Propionibacterium~phage~PHL117M01,46
Propionibacterium~phage~PHL132N00,42
Propionibacterium~phage~PHL141N00,45
Propionibacterium~phage~PHL150M00,45
Propionibacterium~phage~PHL151M00,46
Propionibacterium~phage~PHL151N00,46
Propionibacterium~phage~PHL152M00,45
Propionibacterium~phage~PHL163M00,46
Propionibacterium~phage~PHL171M01,45
Propionibacterium~phage~PHL179M00,45
Propionibacterium~phage~PHL194M00,45
Propionibacterium~phage~PHL199M00,45
Propionibacterium~phage~PHL301M00,45
Propionibacterium~phage~PHL308M00,45
Propionibacterium~phage~Pacnes~2012-15,45
Propionibacterium~phage~Pirate,44
Propionibacterium~phage~Procrass1,45
Propionibacterium~phage~QueenBey,43
Propionibacterium~phage~SKKY,47
Propionibacterium~phage~Solid,45
Propionibacterium~phage~Stormborn,46
Propionibacterium~phage~Wizzo,44
Proteus~phage~Mydo,264
Proteus~phage~Myduc,79
Proteus~phage~PM~116,50
Proteus~phage~PM~75,25
Proteus~phage~PM~85,23
Proteus~phage~PM~93,47
Proteus~phage~PM135,102
Proteus~phage~PM16,46
Proteus~phage~Privateer,144
Proteus~phage~Stubb,148
Proteus~phage~VB_PmiS-Isfahan,91
Proteus~phage~pPM_01,70
Proteus~phage~vB_PmiM_Pm5461,256
Proteus~phage~vB_PmiP_Pm5460,53
Providencia~phage~Redjac,41
Providencia~phage~vB_PreS_PR1,157
Pseudoalteromonas~phage~BS5,65
Pseudoalteromonas~phage~C5a,46
Pseudoalteromonas~phage~H101,228
Pseudoalteromonas~phage~H105/1,52
Pseudoalteromonas~phage~Pq0,56
Pseudoalteromonas~phage~RIO-1,56
Pseudoalteromonas~phage~SL20,95
Pseudomonas~phage~14-1,90
Pseudomonas~phage~201phi2-1,461
Pseudomonas~phage~22PfluR64PP,53
Pseudomonas~phage~73,52
Pseudomonas~phage~AF,65
Pseudomonas~phage~Achelous,47
Pseudomonas~phage~Alpheus,47
Pseudomonas~phage~Andromeda,46
Pseudomonas~phage~B3,59
Pseudomonas~phage~Bf7,46
Pseudomonas~phage~Bjorn,69
Pseudomonas~phage~BrSP1,94
Pseudomonas~phage~C11,172
Pseudomonas~phage~CHA_P1,166
Pseudomonas~phage~DL54,71
Pseudomonas~phage~DL60,89
Pseudomonas~phage~DL62,55
Pseudomonas~phage~DL64,90
Pseudomonas~phage~DL68,92
Pseudomonas~phage~Dobby,49
Pseudomonas~phage~EL,201
Pseudomonas~phage~EPa61,92
Pseudomonas~phage~Epa13,91
Pseudomonas~phage~Epa14,93
Pseudomonas~phage~Epa7,94
Pseudomonas~phage~F10,63
Pseudomonas~phage~F8,91
Pseudomonas~phage~H70,58
Pseudomonas~phage~Henninger,52
Pseudomonas~phage~JBD24,58
Pseudomonas~phage~JBD25,55
Pseudomonas~phage~JBD30,56
Pseudomonas~phage~JBD44,80
Pseudomonas~phage~JBD5,59
Pseudomonas~phage~JBD67,52
Pseudomonas~phage~JBD69,57
Pseudomonas~phage~JBD88a,55
Pseudomonas~phage~JBD93,55
Pseudomonas~phage~JD024,58
Pseudomonas~phage~JG004,161
Pseudomonas~phage~JG024,93
Pseudomonas~phage~K5,178
Pseudomonas~phage~K8,178
Pseudomonas~phage~KPP10,158
Pseudomonas~phage~LBL3,88
Pseudomonas~phage~LIT1,90
Pseudomonas~phage~LKA1,57
Pseudomonas~phage~LKD16,53
Pseudomonas~phage~LKO4,89
Pseudomonas~phage~LMA2,94
Pseudomonas~phage~LUZ19,54
Pseudomonas~phage~LUZ7,115
Pseudomonas~phage~Lana,132
Pseudomonas~phage~Littlefix,95
Pseudomonas~phage~Lu11,391
Pseudomonas~phage~MD8,64
Pseudomonas~phage~MP1412,77
Pseudomonas~phage~MP42,53
Pseudomonas~phage~MP48,50
Pseudomonas~phage~MPK6,50
Pseudomonas~phage~MPK7,53
Pseudomonas~phage~NH-4,94
Pseudomonas~phage~NP1,74
Pseudomonas~phage~NV1,64
Pseudomonas~phage~Nerthus,45
Pseudomonas~phage~Njord,44
Pseudomonas~phage~Noxifer,334
Pseudomonas~phage~O4,76
Pseudomonas~phage~OBP,309
Pseudomonas~phage~PA10,127
Pseudomonas~phage~PA11,70
Pseudomonas~phage~PA26,88
Pseudomonas~phage~PA5,101
Pseudomonas~phage~PA7,337
Pseudomonas~phage~PAE1,88
Pseudomonas~phage~PAJU2,79
Pseudomonas~phage~PAK_P1,181
Pseudomonas~phage~PAK_P2,176
Pseudomonas~phage~PAK_P3,165
Pseudomonas~phage~PAK_P4,172
Pseudomonas~phage~PAK_P5,164
Pseudomonas~phage~PAXYB1,60
Pseudomonas~phage~PB1,93
Pseudomonas~phage~PEV2,93
Pseudomonas~phage~PFP1,45
Pseudomonas~phage~PMBT14,76
Pseudomonas~phage~PMBT3,116
Pseudomonas~phage~PPPL-1,49
Pseudomonas~phage~PT2,54
Pseudomonas~phage~PT5,52
Pseudomonas~phage~Pa2,95
Pseudomonas~phage~PaBG,338
Pseudomonas~phage~PaMx11,81
Pseudomonas~phage~PaMx25,74
Pseudomonas~phage~PaMx28,74
Pseudomonas~phage~PaMx42,56
Pseudomonas~phage~PaMx74,75
Pseudomonas~phage~PaP1,167
Pseudomonas~phage~PaP4,70
Pseudomonas~phage~PaoP5,173
Pseudomonas~phage~Pf-10,46
Pseudomonas~phage~Phi-S1,47
Pseudomonas~phage~PhiCHU,73
Pseudomonas~phage~PhiPA3,375
Pseudomonas~phage~PollyC,49
Pseudomonas~phage~PspYZU08,48
Pseudomonas~phage~RLP,56
Pseudomonas~phage~SL1,90
Pseudomonas~phage~SL2,355
Pseudomonas~phage~SM1,129
Pseudomonas~phage~SN,92
Pseudomonas~phage~UFV-P2,75
Pseudomonas~phage~UNO-SLW1,48
Pseudomonas~phage~VSW-3,46
Pseudomonas~phage~YH30,86
Pseudomonas~phage~YH6,90
Pseudomonas~phage~YMC11/02/R656,113
Pseudomonas~phage~YMC11/06/C171_PPU_BP,49
Pseudomonas~phage~YMC11/07/P54_PAE_BP,73
Pseudomonas~phage~ZC03,85
Pseudomonas~phage~ZC08,83
Pseudomonas~phage~Zigelbrucke,171
Pseudomonas~phage~Zuri,99
Pseudomonas~phage~antinowhere,92
Pseudomonas~phage~crassa,92
Pseudomonas~phage~datas,89
Pseudomonas~phage~nickie,161
Pseudomonas~phage~pf16,237
Pseudomonas~phage~phCDa,98
Pseudomonas~phage~phi-2,43
Pseudomonas~phage~phi15,50
Pseudomonas~phage~phi2,52
Pseudomonas~phage~phi297,69
Pseudomonas~phage~phi3,36
Pseudomonas~phage~phiIBB-PAA2,69
Pseudomonas~phage~phiIBB-PF7A,52
Pseudomonas~phage~phiKMV,49
Pseudomonas~phage~phiKTN6,91
Pseudomonas~phage~phiMK,172
Pseudomonas~phage~phiNFS,49
Pseudomonas~phage~phiNV3,48
Pseudomonas~phage~phiPMW,229
Pseudomonas~phage~phiPSA1,52
Pseudomonas~phage~phiPSA2,47
Pseudomonas~phage~phiPsa17,49
Pseudomonas~phage~phiPsa374,181
Pseudomonas~phage~phikF77,53
Pseudomonas~phage~tabernarius,89
Pseudomonas~phage~uligo,46
Pseudomonas~phage~vB_Pae-Kakheti25,58
Pseudomonas~phage~vB_Pae-TbilisiM32,51
Pseudomonas~phage~vB_PaeM_C2-10_Ab02,175
Pseudomonas~phage~vB_PaeM_CEB_DP1,92
Pseudomonas~phage~vB_PaeM_E215,95
Pseudomonas~phage~vB_PaeM_E217,94
Pseudomonas~phage~vB_PaeM_G1,156
Pseudomonas~phage~vB_PaeM_LS1,93
Pseudomonas~phage~vB_PaeM_MAG1,174
Pseudomonas~phage~vB_PaeM_PAO1_Ab03,156
Pseudomonas~phage~vB_PaeM_PAO1_Ab27,93
Pseudomonas~phage~vB_PaeM_PS24,153
Pseudomonas~phage~vB_PaeM_SCUT-S1,94
Pseudomonas~phage~vB_PaeM_USP_1,87
Pseudomonas~phage~vB_PaeP_130_113,62
Pseudomonas~phage~vB_PaeP_C2-10_Ab09,83
Pseudomonas~phage~vB_PaeP_C2-10_Ab22,71
Pseudomonas~phage~vB_PaeP_MAG4,94
Pseudomonas~phage~vB_PaeP_PAO1_1-15pyo,49
Pseudomonas~phage~vB_PaeP_PAO1_Ab05,54
Pseudomonas~phage~vB_PaeP_PPA-ABTNL,54
Pseudomonas~phage~vB_PaeP_Tr60_Ab31,69
Pseudomonas~phage~vB_PaeP_p2-10_Or1,58
Pseudomonas~phage~vB_PaeS_PAO1_Ab18,76
Pseudomonas~phage~vB_PaeS_PAO1_Ab30,59
Pseudomonas~phage~vB_PaeS_PM105,56
Pseudomonas~phage~vB_PaeS_SCH_Ab26,52
Pseudomonas~phage~vB_Pae_PS44,97
Pseudomonas~phage~vB_PsyM_KIL1,159
Pseudomonas~phage~vB_PsyM_KIL4,167
Pseudomonas~virus~H66,71
Pseudomonas~virus~KNP,50
Pseudomonas~virus~PA8P1,93
Pseudomonas~virus~Pa193,92
Pseudomonas~virus~Pf1~ERZ-2017,47
Pseudomonas~virus~WRT,49
Psychrobacter~phage~Psymv2,49
Puniceispirillum~phage~HMO-2011,74
Ralstonia~phage~DU_RP_I,39
Ralstonia~phage~RPSC1,43
Ralstonia~phage~RS-PI-1,48
Ralstonia~phage~RS-PII-1,46
Ralstonia~phage~RSB1,47
Ralstonia~phage~RsoM1USA,55
Ralstonia~phage~RsoP1EGY,50
Ralstonia~phage~RsoP1IDN,41
Ralstonia~phage~phiITL-1,54
Ralstonia~virus~phiAp1,56
Raoultella~phage~RP180,64
Raoultella~phage~Ro1,245
Rheinheimera~phage~vB_RspM_Barba18A,136
Rheinheimera~phage~vB_RspM_Barba19A,143
Rheinheimera~phage~vB_RspM_Barba21A,140
Rheinheimera~phage~vB_RspM_Barba5S,145
Rheinheimera~phage~vB_RspM_Barba8S,141
Rhizobium~phage~16-3,110
Rhizobium~phage~RHEph01,56
Rhizobium~phage~RHEph02,60
Rhizobium~phage~RHEph04,81
Rhizobium~phage~RHEph06,82
Rhizobium~phage~RHEph08,59
Rhizobium~phage~RHEph09,61
Rhizobium~phage~RHEph10,171
Rhizobium~phage~vB_RglS_P106B,95
Rhizobium~phage~vB_RleM_P10VF,257
Rhizobium~phage~vB_RleM_PPF1,94
Rhizobium~phage~vB_RleS_L338C,181
Rhodobacter~phage~RcCronus,44
Rhodobacter~phage~RcRhea,45
Rhodobacter~phage~RcSpartan,61
Rhodobacter~phage~RcTitan,61
Rhodobacter~phage~RcapMu,58
Rhodobacter~phage~RcapNL,64
Rhodococcus~phage~CosmicSans,66
Rhodococcus~phage~E3,220
Rhodococcus~phage~Hiro,65
Rhodococcus~phage~Jace,93
Rhodococcus~phage~REQ2,82
Rhodococcus~phage~REQ3,60
Rhodococcus~phage~RER2,66
Rhodococcus~phage~RRH1,20
Rhodococcus~phage~ReqiDocB7,105
Rhodococcus~phage~ReqiPepy6,107
Rhodococcus~phage~ReqiPine5,84
Rhodococcus~phage~ReqiPoco6,107
Rhodococcus~phage~Sleepyhead,67
Rhodococcus~phage~Takoda,67
Rhodococcus~phage~Trina,252
Rhodococcus~phage~Weasels2,283
Rhodococcus~phage~Whack,77
Rhodoferax~phage~P26218,44
Rhodovulum~phage~vB_RhkS_P1,59
Roseobacter~phage~RD-1410W1-01,77
Roseobacter~phage~RDJL~Phi~1,87
Roseobacter~phage~RDJL~Phi~2,76
Ruegeria~phage~DSS3-P1,82
Ruegeria~phage~vB_RpoP-V12,85
Ruegeria~phage~vB_RpoP-V13,79
Salinivibrio~phage~CW02,70
Salinivibrio~phage~SMHB1,49
Salmonella~phage~1-19,156
Salmonella~phage~1-23,162
Salmonella~phage~1-29,159
Salmonella~phage~100268_sal2,188
Salmonella~phage~118970_sal1,71
Salmonella~phage~118970_sal2,168
Salmonella~phage~118970_sal3,135
Salmonella~phage~118970_sal4,64
Salmonella~phage~19,194
Salmonella~phage~2-3,164
Salmonella~phage~21,104
Salmonella~phage~3-29,158
Salmonella~phage~35,91
Salmonella~phage~36,91
Salmonella~phage~37,105
Salmonella~phage~38,265
Salmonella~phage~3A_8767,49
Salmonella~phage~64795_sal3,74
Salmonella~phage~7-11,151
Salmonella~phage~9NA,84
Salmonella~phage~BP12A,47
Salmonella~phage~BP12B,50
Salmonella~phage~BP12C,76
Salmonella~phage~BP63,76
Salmonella~phage~BPS11Q3,65
Salmonella~phage~BPS15Q2,130
Salmonella~phage~BPS17L1,126
Salmonella~phage~BPS17W1,129
Salmonella~phage~BSP101,219
Salmonella~phage~BSP161,49
Salmonella~phage~BSPM4,78
Salmonella~phage~Det7,210
Salmonella~phage~FSL~SP-004,40
Salmonella~phage~FSL~SP-031,59
Salmonella~phage~FSL~SP-058,86
Salmonella~phage~FSL~SP-076,82
Salmonella~phage~FSL~SP-101,57
Salmonella~phage~GG32,202
Salmonella~phage~IME207,94
Salmonella~phage~Jersey,69
Salmonella~phage~KFS-SE1,73
Salmonella~phage~L13,28
Salmonella~phage~L6jm,178
Salmonella~phage~LSPA1,58
Salmonella~phage~LVR16A,164
Salmonella~phage~Lumpael,58
Salmonella~phage~MA12,59
Salmonella~phage~Marshall,207
Salmonella~phage~Maynard,202
Salmonella~phage~Melville,264
Salmonella~phage~Mushroom,128
Salmonella~phage~Mutine,218
Salmonella~phage~NR01,148
Salmonella~phage~OSY-STA,166
Salmonella~phage~P46FS4,212
Salmonella~phage~RE-2010,47
Salmonella~phage~S113,168
Salmonella~phage~S114,163
Salmonella~phage~S116,159
Salmonella~phage~S118,203
Salmonella~phage~S124,156
Salmonella~phage~S126,153
Salmonella~phage~S131,150
Salmonella~phage~S132,147
Salmonella~phage~S133,163
Salmonella~phage~S147,161
Salmonella~phage~SE1~(in:Nonagvirus),93
Salmonella~phage~SE11,142
Salmonella~phage~SE13,73
Salmonella~phage~SE14,196
Salmonella~phage~SE2,61
Salmonella~phage~SE24,147
Salmonella~phage~SE4,76
Salmonella~phage~SEN1,43
Salmonella~phage~SEN22,55
Salmonella~phage~SEN34,63
Salmonella~phage~SEN4,47
Salmonella~phage~SEN5,47
Salmonella~phage~SEN8,49
Salmonella~phage~SETP13,69
Salmonella~phage~SETP3,63
Salmonella~phage~SETP7,67
Salmonella~phage~SFP10,201
Salmonella~phage~SH9,160
Salmonella~phage~SI7,39
Salmonella~phage~SJ46,122
Salmonella~phage~SKML-39,208
Salmonella~phage~SP01,156
Salmonella~phage~SP1,205
Salmonella~phage~SP3,163
Salmonella~phage~SPN1S,52
Salmonella~phage~SPN3UB,71
Salmonella~phage~SPN3US,264
Salmonella~phage~SPN9CC,62
Salmonella~phage~SS3e,58
Salmonella~phage~SS9,199
Salmonella~phage~SSU5,130
Salmonella~phage~ST-101,75
Salmonella~phage~ST160,63
Salmonella~phage~ST64B,56
Salmonella~phage~STG2,161
Salmonella~phage~STML-13-1,204
Salmonella~phage~STML-198,255
Salmonella~phage~STP4-a,259
Salmonella~phage~SW9,45
Salmonella~phage~Seafire,172
Salmonella~phage~SenALZ1,199
Salmonella~phage~SenASZ3,204
Salmonella~phage~Sepoy,184
Salmonella~phage~Shivani,171
Salmonella~phage~Si3,119
Salmonella~phage~Siskin,74
Salmonella~phage~Sw2,176
Salmonella~phage~Th1,142
Salmonella~phage~UPF_BP1,71
Salmonella~phage~UPF_BP2,70
Salmonella~phage~YSP2,87
Salmonella~phage~ZCSE2,78
Salmonella~phage~aagejoakim,206
Salmonella~phage~allotria,202
Salmonella~phage~atrejo,167
Salmonella~phage~barely,197
Salmonella~phage~bastian,167
Salmonella~phage~bering,202
Salmonella~phage~birk,74
Salmonella~phage~bombadil,161
Salmonella~phage~dinky,204
Salmonella~phage~epsilon34,73
Salmonella~phage~f18SE,53
Salmonella~phage~faergetype,161
Salmonella~phage~fuchur,165
Salmonella~phage~heyday,187
Salmonella~phage~maane,204
Salmonella~phage~moki,210
Salmonella~phage~oldekolle,157
Salmonella~phage~oselot,171
Salmonella~phage~pertopsoe,202
Salmonella~phage~phSE-2,83
Salmonella~phage~phiSG-JL2,55
Salmonella~phage~rabagast,188
Salmonella~phage~rokbiter,163
Salmonella~phage~slyngel,80
Salmonella~phage~vB_SPuM_SP116,126
Salmonella~phage~vB_SemP_Emek,70
Salmonella~phage~vB_SenS_AG11,66
Salmonella~phage~vB_SenS_PHB07,87
Salmonella~phage~vB_SenS_SB13,207
Salmonella~phage~vB_SenS_Sasha,81
Salmonella~phage~vB_SnwM_CGG4-1,259
Salmonella~phage~vB_SosS_Oslo,79
Salmonella~phage~vB_SpuP_Spp16,53
Salmonella~phage~wksl3,64
Salmonella~phage~yarpen,69
Salmonella~virus~VSe12,166
Serratia~phage~2050H2,43
Serratia~phage~2050HW,363
Serratia~phage~BF,549
Serratia~phage~CHI14,275
Serratia~phage~Eta,69
Serratia~phage~MTx,103
Serratia~phage~Moabite,338
Serratia~phage~Muldoon,256
Serratia~phage~MyoSmar,105
Serratia~phage~PS2,275
Serratia~phage~Parlo,87
Serratia~phage~SM9-3Y,48
Serratia~phage~phiMAM1,198
Serratia~phage~vB_SmaA_3M,201
Shewanella~sp.~phage~1/4,235
Shewanella~sp.~phage~1/40,236
Shewanella~sp.~phage~1/41,69
Shewanella~sp.~phage~1/44,75
Shewanella~sp.~phage~3/49,70
Shigella~phage~75/02~Stx,76
Shigella~phage~EP23,57
Shigella~phage~HRP29,53
Shigella~phage~JK16,84
Shigella~phage~MK-13,207
Shigella~phage~POCJ13,79
Shigella~phage~SFN6B,49
Shigella~phage~SFPH2,49
Shigella~phage~SH6,82
Shigella~phage~SHBML-50-1,265
Shigella~phage~SHFML-11,269
Shigella~phage~SHFML-26,269
Shigella~phage~SHSML-45,139
Shigella~phage~SHSML-52-1,269
Shigella~phage~SP18,285
Shigella~phage~SSP1,176
Shigella~phage~Sd1,73
Shigella~phage~Sf12,74
Shigella~phage~Sf13,132
Shigella~phage~Sf14,131
Shigella~phage~Sf17,138
Shigella~phage~Sf21,266
Shigella~phage~Sf22,267
Shigella~phage~Sf24,271
Shigella~phage~SfII,58
Shigella~phage~SfIV,54
Shigella~phage~Sfin-1,81
Shigella~phage~Shf125875,267
Shigella~phage~Shfl2,365
Shigella~phage~Ss-VASD,74
Shigella~phage~VB_Ship_A7,43
Shigella~phage~pSb-1,103
Shigella~phage~pSf-1,94
Shigella~phage~pSf-2,83
Shigella~phage~pSs-1,266
Shigella~phage~vB_SflS-ISF001,78
Shigella~phage~vB_SsoS-ISF002,76
Shigella~phage~vB_SsoS_008,83
Shigella~virus~2019SD1,76
Shigella~virus~Sfin-3,84
Sinorhizobium~phage~PBC5,83
Sinorhizobium~phage~ort11,103
Sinorhizobium~phage~phiLM21,72
Sinorhizobium~phage~phiM12,377
Sinorhizobium~phage~phiM7,361
Sinorhizobium~phage~phiM9,271
Sinorhizobium~phage~phiN3,402
Sodalis~phage~phiSG1,47
Sphingobium~phage~Lacusarx,196
Sphingomonas~phage~PAU,295
Staphylococcus~phage~23MRA,66
Staphylococcus~phage~2638A,57
Staphylococcus~phage~3~AJ-2017,64
Staphylococcus~phage~3MRA,66
Staphylococcus~phage~66,27
Staphylococcus~phage~676Z,233
Staphylococcus~phage~6ec,142
Staphylococcus~phage~812,221
Staphylococcus~phage~A3R,212
Staphylococcus~phage~A5W,232
Staphylococcus~phage~Andhra,20
Staphylococcus~phage~B166,64
Staphylococcus~phage~B236,67
Staphylococcus~phage~BP39,20
Staphylococcus~phage~CNPx,69
Staphylococcus~phage~CSA13,18
Staphylococcus~phage~DW2,62
Staphylococcus~phage~Fi200W,233
Staphylococcus~phage~GRCS,21
Staphylococcus~phage~IME-SA1,209
Staphylococcus~phage~IME-SA118,204
Staphylococcus~phage~IME-SA119,209
Staphylococcus~phage~IME-SA2,212
Staphylococcus~phage~IME-SA4,62
Staphylococcus~phage~IME1361_01,67
Staphylococcus~phage~JD007,217
Staphylococcus~phage~JS01,66
Staphylococcus~phage~MCE-2014,204
Staphylococcus~phage~MSA6,232
Staphylococcus~phage~P108,226
Staphylococcus~phage~P1105,69
Staphylococcus~phage~P282,68
Staphylococcus~phage~P4W,232
Staphylococcus~phage~P630,64
Staphylococcus~phage~P954,69
Staphylococcus~phage~Pabna,21
Staphylococcus~phage~ROSA,74
Staphylococcus~phage~S24-1,21
Staphylococcus~phage~SA1,109
Staphylococcus~phage~SA1014ruMSSAST7,64
Staphylococcus~phage~SA12,58
Staphylococcus~phage~SA13,62
Staphylococcus~phage~SA5,198
Staphylococcus~phage~SA7,53
Staphylococcus~phage~SA780ruMSSAST101,65
Staphylococcus~phage~SA97,54
Staphylococcus~phage~SAP-2,20
Staphylococcus~phage~SCH1,21
Staphylococcus~phage~SLPW,20
Staphylococcus~phage~SMSAP5,42
Staphylococcus~phage~SPbeta-like,156
Staphylococcus~phage~SpaA1,63
Staphylococcus~phage~St~134,21
Staphylococcus~phage~StB12,74
Staphylococcus~phage~StB20,65
Staphylococcus~phage~StB20-like,59
Staphylococcus~phage~StB27,53
Staphylococcus~phage~Staph1N,232
Staphylococcus~phage~Stau2,177
Staphylococcus~phage~StauST398-1,69
Staphylococcus~phage~StauST398-2,62
Staphylococcus~phage~StauST398-3,69
Staphylococcus~phage~StauST398-4,65
Staphylococcus~phage~StauST398-5,65
Staphylococcus~phage~TEM123,43
Staphylococcus~phage~Team1,217
Staphylococcus~phage~YMC/09/04/R1988,62
Staphylococcus~phage~phi2958PVL,60
Staphylococcus~phage~phiBU01,46
Staphylococcus~phage~phiIBB-SEP1,200
Staphylococcus~phage~phiIPLA-C1C,203
Staphylococcus~phage~phiIPLA-RODI,213
Staphylococcus~phage~phiJB,70
Staphylococcus~phage~phiNM3,65
Staphylococcus~phage~phiPVL-CN125,65
Staphylococcus~phage~phiRS7,62
Staphylococcus~phage~phiSA_BS1,200
Staphylococcus~phage~phiSA_BS2,209
Staphylococcus~phage~phiSa119,68
Staphylococcus~phage~phiSa2wa_st22,53
Staphylococcus~phage~tp310-1,59
Staphylococcus~phage~tp310-2,67
Staphylococcus~phage~tp310-3,58
Staphylococcus~phage~vB_SauM_Remus,174
Staphylococcus~phage~vB_SauM_Romulus,164
Staphylococcus~phage~vB_SauP_phiAGO1.3,20
Staphylococcus~phage~vB_SauS_phi2,61
Staphylococcus~phage~vB_SepS_SEP9,129
Staphylococcus~phage~vB_SpsS_QT1,60
Staphylococcus~phage~vB_SscM-1,203
Staphylococcus~prophage~phiPV83,65
Stenotrophomonas~phage~IME13,178
Stenotrophomonas~phage~IME15,45
Stenotrophomonas~phage~Mendera,286
Stenotrophomonas~phage~Moby,271
Stenotrophomonas~phage~Pokken,93
Stenotrophomonas~phage~S1,48
Stenotrophomonas~phage~Smp131,46
Stenotrophomonas~phage~YB07,257
Stenotrophomonas~phage~vB_SmaS-DLP_2,58
Stenotrophomonas~phage~vB_SmaS_DLP_5,149
Streptococcus~phage~5093,48
Streptococcus~phage~A25,46
Streptococcus~phage~APCM01,37
Streptococcus~phage~DCC1738,56
Streptococcus~phage~Dp-1,72
Streptococcus~phage~IC1,49
Streptococcus~phage~K13,53
Streptococcus~phage~M102,41
Streptococcus~phage~M102AD,40
Streptococcus~phage~P9,53
Streptococcus~phage~PH10,54
Streptococcus~phage~PH15,60
Streptococcus~phage~SM1,56
Streptococcus~phage~SMP,48
Streptococcus~phage~SpSL1,50
Streptococcus~phage~Str-PAP-1,57
Streptococcus~phage~T12,65
Streptococcus~phage~YMC-2011,55
Streptococcus~phage~phi3396,64
Streptococcus~phage~phiARI0004,48
Streptococcus~phage~phiARI0031,51
Streptococcus~phage~phiARI0131-1,53
Streptococcus~phage~phiARI0131-2,37
Streptococcus~phage~phiARI0460-1,51
Streptococcus~phage~phiARI0462,51
Streptococcus~phage~phiARI0468-1,48
Streptococcus~phage~phiARI0468-2,49
Streptococcus~phage~phiARI0468-4,49
Streptococcus~phage~phiARI0746,42
Streptococcus~phage~phiARI0923,35
Streptococcus~phage~phiNJ2,55
Streptococcus~virus~9871,49
Streptococcus~virus~9872,49
Streptococcus~virus~9873,48
Streptococcus~virus~9874,48
Streptomyces~phage~Aaronocolus,73
Streptomyces~phage~AbbeyMikolon,59
Streptomyces~phage~Amela,75
Streptomyces~phage~Annadreamy,229
Streptomyces~phage~Attoomi,53
Streptomyces~phage~Austintatious,53
Streptomyces~phage~BRock,188
Streptomyces~phage~BillNye,217
Streptomyces~phage~Bing,87
Streptomyces~phage~Blueeyedbeauty,240
Streptomyces~phage~Caliburn,72
Streptomyces~phage~Comrade,229
Streptomyces~phage~Danzina,76
Streptomyces~phage~Darolandstone,55
Streptomyces~phage~DrGrey,82
Streptomyces~phage~FlowerPower,66
Streptomyces~phage~Gilson,231
Streptomyces~phage~Hiyaa,124
Streptomyces~phage~Hydra,76
Streptomyces~phage~Ididsumtinwong,55
Streptomyces~phage~Immanuel3,62
Streptomyces~phage~Izzy,75
Streptomyces~phage~JXY1,72
Streptomyces~phage~Jay2Jay,235
Streptomyces~phage~Karimac,241
Streptomyces~phage~Lannister,73
Streptomyces~phage~Lika,75
Streptomyces~phage~Lilbooboo,55
Streptomyces~phage~LukeCage,248
Streptomyces~phage~Manuel,63
Streptomyces~phage~Mildred21,234
Streptomyces~phage~Nanodon,75
Streptomyces~phage~NootNoot,221
Streptomyces~phage~PapayaSalad,54
Streptomyces~phage~Paradiddles,216
Streptomyces~phage~Peebs,226
Streptomyces~phage~Picard,56
Streptomyces~phage~R4,86
Streptomyces~phage~Raleigh,53
Streptomyces~phage~Rima,87
Streptomyces~phage~Rowa,62
Streptomyces~phage~SF1,52
Streptomyces~phage~SF3,90
Streptomyces~phage~SV1,55
Streptomyces~phage~Samisti12,226
Streptomyces~phage~Scap1,56
Streptomyces~phage~StarPlatinum,251
Streptomyces~phage~Sujidade,77
Streptomyces~phage~TP1604,71
Streptomyces~phage~VWB,61
Streptomyces~phage~Vash,54
Streptomyces~phage~WRightOn,64
Streptomyces~phage~Wofford,236
Streptomyces~phage~YDN12,70
Streptomyces~phage~Yaboi,242
Streptomyces~phage~Zemlya,76
Streptomyces~phage~mu1/6,52
Streptomyces~phage~phiCAM,72
Streptomyces~phage~phiELB20,81
Streptomyces~phage~phiHau3,72
Streptomyces~phage~phiSAJS1,76
Streptomyces~phage~phiSASD1,43
Streptomyces~virus~TG1,54
Stx~converting~phage~vB_EcoS_P27,88
Stx~converting~phage~vB_EcoS_ST2-8624,87
Stx1~converting~phage~AU5Stx1,85
Stx1~converting~phage~AU6Stx1,75
Stx2-converting~phage~1717,77
Stx2-converting~phage~86,81
Sulfitobacter~phage~NYA-2014a,71
Sulfitobacter~phage~pCB2047-A,72
Sulfitobacter~phage~pCB2047-C,73
Synechococcus~T7-like~virus~S-TIP37,56
Synechococcus~phage~Bellamy,269
Synechococcus~phage~S-B28,55
Synechococcus~phage~S-CBP1,50
Synechococcus~phage~S-CBP2,53
Synechococcus~phage~S-CBP3,51
Synechococcus~phage~S-CBP4,94
Synechococcus~phage~S-CBP42,51
Synechococcus~phage~S-CBS1,43
Synechococcus~phage~S-CBS2,102
Synechococcus~phage~S-CBS3,46
Synechococcus~phage~S-CBS4,105
Synechococcus~phage~S-CBWM1,178
Synechococcus~phage~S-CRM01,297
Synechococcus~phage~S-MbCM100,210
Synechococcus~phage~S-PM2,244
Synechococcus~phage~S-RIM2~R1_1999,210
Synechococcus~phage~S-RIM8~A.HR1,211
Synechococcus~phage~S-RSM4,237
Synechococcus~phage~S-SM1,234
Synechococcus~phage~S-SM2,267
Synechococcus~phage~S-SSM5,225
Synechococcus~phage~S-SSM7,319
Synechococcus~phage~S-ShM2,230
Synechococcus~phage~S-T4,225
Synechococcus~phage~Syn19,215
Synechococcus~phage~metaG-MbCM1,234
Synechococcus~phage~syn9,226
Thalassomonas~phage~BA3,47
Thermus~phage~TMA,167
Thermus~phage~phiYS40,169
Tsukamurella~phage~TIN2,107
Tsukamurella~phage~TIN3,109
Tsukamurella~phage~TIN4,109
Tsukamurella~phage~TPA2,78
Tsukamurella~phage~TPA4,84
Vibrio~phage~1.026.O._10N.222.49.C7,107
Vibrio~phage~1.097.O._10N.286.49.B3,98
Vibrio~phage~1.169.O._10N.261.52.B1,85
Vibrio~phage~1.188.A._10N.286.51.A6,86
Vibrio~phage~1.202.O._10N.222.45.E8,42
Vibrio~phage~1.204.O._10N.222.46.F12,55
Vibrio~phage~1.224.A._10N.261.48.B1,85
Vibrio~phage~1.261.O._10N.286.51.A7,82
Vibrio~phage~2~TSL-2019,217
Vibrio~phage~AS51,34
Vibrio~phage~Aphrodite1,198
Vibrio~phage~CHOED,91
Vibrio~phage~CP-T1,70
Vibrio~phage~Ceto,195
Vibrio~phage~ICP1,232
Vibrio~phage~ICP2,72
Vibrio~phage~ICP2_2013_A_Haiti,57
Vibrio~phage~ICP3,54
Vibrio~phage~J2,48
Vibrio~phage~JA-1,79
Vibrio~phage~JSF10,149
Vibrio~phage~JSF12,152
Vibrio~phage~JSF3,112
Vibrio~phage~JSF7,49
Vibrio~phage~KVP40,381
Vibrio~phage~N4,47
Vibrio~phage~PVA1,21
Vibrio~phage~QH,48
Vibrio~phage~SHOU24,96
Vibrio~phage~SIO-2,115
Vibrio~phage~Thalassa,203
Vibrio~phage~USC-1,210
Vibrio~phage~VAP7,192
Vibrio~phage~VCO139,79
Vibrio~phage~VEN,55
Vibrio~phage~VH7D,327
Vibrio~phage~VHML,57
Vibrio~phage~VP2,47
Vibrio~phage~VP4B,209
Vibrio~phage~VP5,48
Vibrio~phage~VP93,44
Vibrio~phage~VPUSM~8,43
Vibrio~phage~ValKK3,390
Vibrio~phage~Vc1,44
Vibrio~phage~Vp670,49
Vibrio~phage~VpKK5,80
Vibrio~phage~VvAW1,40
Vibrio~phage~X29,67
Vibrio~phage~YC,195
Vibrio~phage~henriette~12B8,154
Vibrio~phage~nt-1,405
Vibrio~phage~pVp-1,157
Vibrio~phage~phi~1,110
Vibrio~phage~phi~3,156
Vibrio~phage~phi-A318,46
Vibrio~phage~phiVC8,48
Vibrio~phage~qdvp001,227
Vibrio~phage~vB_ValM-yong1,48
Vibrio~phage~vB_VchM-138,67
Vibrio~phage~vB_VchM_Kuja,186
Vibrio~phage~vB_VpS_PG07,157
Vibrio~phage~vB_VpaM_MAR,62
Vibrio~phage~vB_VpaP_KF1,46
Vibrio~phage~vB_VpaP_KF2,48
Vibrio~phage~vB_VpaS_MAR10,107
Vibriophage~VP4,31
Weissella~phage~WCP30,35
Weissella~phage~phiYS61,48
Xanthomonas~phage~Carpasina,86
Xanthomonas~phage~RiverRider,90
Xanthomonas~phage~XAJ24,53
Xanthomonas~phage~Xp15,84
Xanthomonas~phage~f20-Xaj,53
Xanthomonas~phage~f30-Xaj,53
Xanthomonas~phage~phi~Xc10,54
Xanthomonas~phage~vB_XveM_DIBBI,81
Xanthomonas~virus~XcP1,81
Xylella~phage~Paz,51
Xylella~phage~Prado,52
Xylella~phage~Xfas53,45
Yersinia~phage~Berlin,49
Yersinia~phage~PST,271
Yersinia~phage~PY54,67
Yersinia~phage~PYPS50,44
Yersinia~phage~Yep-phi,45
Yersinia~phage~Yepe2,48
Yersinia~phage~YpP-Y,46
Yersinia~phage~YpsP-G,52
Yersinia~phage~fHe-Yen3-01,56
Yersinia~phage~phiR1-37,367
Yersinia~phage~phiYe-F10,46
Yersinia~phage~phiYeO3-12,59
Yersinia~phage~vB_YenM_TG1,262
Yersinia~phage~vB_YenP_AP10,47
Yersinia~phage~vB_YenP_AP5,45
Yersinia~phage~vB_YenP_ISAO8,46
