name,idx
Achromobacter phage JWX,0
Achromobacter phage 83-24,1
Pseudomonas phage LKO4,10
Salmonella phage 37,100
Bacillus phage TP21-L,1000
Staphylococcus phage CNPx,1001
Streptococcus phage IC1,1002
Streptococcus phage K13,1003
Streptococcus phage phiARI0462,1004
Brevibacillus phage Abouo,1005
Streptococcus phage phiARI0468-2,1006
Brevibacillus phage Sundance,1007
Clostridium phage c-st,1008
Clostridium phage phiCD211,1009
Salmonella phage BP12C,101
Geobacillus virus E3,1010
Lactococcus phage 949,1011
Lactococcus phage AM4,1012
Lactococcus phage LW81,1013
Lactococcus phage P1048,1014
Lactococcus phage WRP3,1015
Lactococcus phage phiL47,1016
Staphylococcus phage SPbeta-like,1017
Clostridium phage phiCD6356,1018
Bacillus phage vB_BhaS-171,1019
Salmonella phage BSPM4,102
Erysipelothrix phage SE-1,1020
Listeria phage B025,1021
Listeria phage LP-030-2,1022
Listeria phage LP-101,1023
Listeria phage LP-HM00113468,1024
Listeria phage vB_LmoS_188,1025
Staphylococcus phage 23MRA,1026
Staphylococcus phage IME-SA4,1027
Staphylococcus phage IME1361_01,1028
Staphylococcus phage P1105,1029
Salmonella phage KFS-SE1,103
Staphylococcus phage P282,1030
Staphylococcus phage P630,1031
Staphylococcus phage P954,1032
Staphylococcus phage SA1014ruMSSAST7,1033
Staphylococcus phage StauST398-4,1034
Staphylococcus phage phiBU01,1035
Staphylococcus phage phiNM3,1036
Staphylococcus phage phiRS7,1037
Staphylococcus phage phiSa119,1038
Staphylococcus phage phiSa2wa_st22,1039
Salmonella phage ST-101,104
Streptococcus phage phi3396,1040
Streptococcus phage PH10,1041
Streptococcus phage phiARI0131-2,1042
Enterobacteria phage IME10,1043
Bacteriophage APSE-2,1044
Enterobacteria phage Sf101,1045
Enterobacteria phage SfV,1046
Enterobacteria phage UAB_Phi20,1047
Escherichia phage C130_2,1048
Escherichia phage Skarpretter,1049
Salmonella phage Siskin,105
Escherichia phage Sortsne,1050
Klebsiella phage vB_KpnS_IME279,1051
Salmonella phage 118970_sal4,1052
Salmonella phage Lumpael,1053
Salmonella phage SEN22,1054
Salmonella phage SPN9CC,1055
Salmonella phage ST160,1056
Salmonella phage UPF_BP1,1057
Salmonella phage epsilon34,1058
Salmonella phage vB_SemP_Emek,1059
Staphylococcus phage SA1,106
Shigella phage SfIV,1060
Sodalis phage phiSG1,1061
Vibrio phage PVA1,1062
Xylella phage Xfas53,1063
Burkholderia phage KL3,1064
Bacteriophage R18C,1065
Burkholderia phage KS14,1066
Burkholderia phage KS5,1067
Burkholderia phage ST79,1068
Burkholderia phage vB_BceM_AP3,1069
Campylobacter phage CP30A,107
Cronobacter phage ESSI-2,1070
Enterobacter phage Arya,1071
Enterobacter phage phiT5282H,1072
Enterobacteria phage P88,1073
Enterobacteria phage fiAA91-ss,1074
Erwinia phage ENT90,1075
Erwinia phage EtG,1076
Escherichia phage 186,1077
Escherichia phage Wphi,1078
Escherichia phage pro147,1079
Acidovorax phage ACP17,108
Escherichia phage pro483,1080
Escherichia phage vB_EcoM-12474III,1081
Escherichia phage vB_EcoM-ep3,1082
Escherichia phage vB_EcoM_ECO1230-10,1083
Escherichia phage vB_EcoM_ECOO78,1084
Klebsiella phage 3 LV-2017,1085
Klebsiella phage 4 LV-2017,1086
Klebsiella phage ST13-OXA48phi12.1,1087
Klebsiella phage ST147-VIM1phi7.1,1088
Klebsiella phage ST15-OXA48phi14.1,1089
Campylobacter phage PC14,109
Klebsiella phage ST16-OXA48phi5.4,1090
Klebsiella phage ST437-OXA245phi4.1,1091
Klebsiella phage ST437-OXA245phi4.2,1092
Klebsiella phage ST512-KPC3phi13.2,1093
Mannheimia phage vB_MhM_1127AP1,1094
Mannheimia phage vB_MhM_587AP1,1095
Pseudoalteromonas phage C5a,1096
Pseudomonas phage Dobby,1097
Pseudomonas phage phi3,1098
Ralstonia phage RsoM1USA,1099
Pseudomonas phage MP1412,11
Campylobacter phage vB_CjeM_Los1,110
Salinivibrio phage SMHB1,1100
Salmonella phage FSL SP-004,1101
Salmonella phage RE-2010,1102
Salmonella phage SEN1,1103
Salmonella phage SEN4,1104
Salmonella phage SEN5,1105
Salmonella phage SEN8,1106
Salmonella phage SI7,1107
Salmonella phage SW9,1108
Stenotrophomonas phage Smp131,1109
Caulobacter phage Cr30,111
Vibrio phage 1.202.O._10N.222.45.E8,1110
Vibrio phage VHML,1111
Vibrio phage VPUSM 8,1112
Vibrio phage vB_ValM-yong1,1113
Vibrio phage vB_VpaM_MAR,1114
Nodularia phage vB_NspS-kac65v151,1115
Bacteriophage vB_NpeS-2AV2,1116
Nodularia phage vB_NspS-kac68v161,1117
Planktothrix phage PaV-LD,1118
Bacteroides phage B40-8,1119
Cyanophage P-TIM40,112
Bacteroides phage B124-14,1120
Croceibacter phage P2559S,1121
Flavobacterium phage Fpv10,1122
Flavobacterium phage Fpv11,1123
Flavobacterium phage Fpv5,1124
Flavobacterium phage Fpv6,1125
Flavobacterium phage Fpv7,1126
Flavobacterium phage Fpv8,1127
Flavobacterium phage vB_FspS_tant8-1,1128
Dinoroseobacter phage vB_DshS-R5C,1129
Cyanophage S-TIM4,113
Vibrio phage VpKK5,1130
Vibrio phage vB_VpaS_MAR10,1131
Bordetella phage vB_BbrM_PHB04,1132
Brevibacillus phage Davies,1133
Brevibacillus phage Jimmer1,1134
Brevibacillus phage Jimmer2,1135
Brevibacillus phage Osiris,1136
Clostridium phage phiCT9441A,1137
Clostridium phage phiMMP01,1138
Clostridium phage phiMMP03,1139
Delftia phage PhiW-14,114
Lactobacillus phage KC5a,1140
Lactobacillus phage phi jlb1,1141
Staphylococcus phage 676Z,1142
Staphylococcus phage 812,1143
Staphylococcus phage A3R,1144
Staphylococcus phage A5W,1145
Staphylococcus phage Fi200W,1146
Staphylococcus phage IME-SA1,1147
Staphylococcus phage IME-SA118,1148
Staphylococcus phage IME-SA119,1149
Pelagibacter phage HTVC008M,115
Staphylococcus phage IME-SA2,1150
Staphylococcus phage JD007,1151
Staphylococcus phage MCE-2014,1152
Staphylococcus phage MSA6,1153
Staphylococcus phage P108,1154
Staphylococcus phage P4W,1155
Staphylococcus phage SA5,1156
Staphylococcus phage Staph1N,1157
Staphylococcus phage Stau2,1158
Staphylococcus phage Team1,1159
Prochlorococcus phage P-HM1,116
Staphylococcus phage phiIPLA-RODI,1160
Staphylococcus phage phiSA_BS1,1161
Staphylococcus phage phiSA_BS2,1162
Staphylococcus phage vB_SauM_Remus,1163
Staphylococcus phage vB_SauM_Romulus,1164
Staphylococcus phage vB_SscM-1,1165
Enterococcus phage phiFL3A,1166
Lactobacillus prophage Lj965,1167
Lactococcus phage PLgT-1,1168
Oenococcus phage phi9805,1169
Prochlorococcus phage P-HM2,117
Oenococcus phage phiS11,1170
Oenococcus phage phiS13,1171
Staphylococcus phage DW2,1172
Staphylococcus phage StauST398-3,1173
Staphylococcus prophage phiPV83,1174
Streptococcus phage DCC1738,1175
Streptococcus phage phiARI0004,1176
Streptococcus phage phiARI0031,1177
Streptococcus phage phiARI0131-1,1178
Streptococcus phage phiARI0468-1,1179
Prochlorococcus phage P-RSM4,118
Lactobacillus phage LfeSau,1180
Lactobacillus phage PLE3,1181
Lactobacillus phage iLp84,1182
Staphylococcus phage 3 AJ-2017,1183
Staphylococcus phage B236,1184
Staphylococcus phage JS01,1185
Staphylococcus phage ROSA,1186
Staphylococcus phage SA780ruMSSAST101,1187
Staphylococcus phage SA97,1188
Staphylococcus phage StauST398-1,1189
Prochlorococcus phage P-SSM2,119
Staphylococcus phage StauST398-5,1190
Staphylococcus phage tp310-1,1191
Streptococcus phage T12,1192
Weissella phage WCP30,1193
Enterobacteria phage mEp235,1194
Brucella phage BiPBO1,1195
Paracoccus phage Shpa,1196
Rhizobium phage 16-3,1197
Rhodobacter phage RcapNL,1198
Brucella phage Tb,1199
Pseudomonas phage NP1,12
Prochlorococcus phage P-SSM4,120
Brucella phage Pr,1200
Idiomarinaceae phage Phi1M2-2,1201
Listonella phage phiHSIC,1202
Sulfitobacter phage NYA-2014a,1203
Sulfitobacter phage pCB2047-A,1204
Sulfitobacter phage pCB2047-C,1205
Burkholderia phage KS9,1206
Burkholderia phage Bcep176,1207
Burkholderia phage vB_BmuP_KL4,1208
Cronobacter phage ENT39118,1209
Prochlorococcus phage P-SSM7,121
Edwardsiella phage eiAU,1210
Edwardsiella phage eiAU-183,1211
Enterobacteria phage 2851,1212
Enterobacteria phage BP-4795,1213
Enterobacteria phage HK106,1214
Enterobacteria phage HK140,1215
Enterobacteria phage HK225,1216
Enterobacteria phage YYZ-2008,1217
Enterobacterial phage mEp390,1218
Escherichia phage ECP1,1219
Prochlorococcus phage P-TIM68,122
Escherichia phage HK75,1220
Escherichia phage JLK-2012,1221
Klebsiella phage phiKO2,1222
Psychrobacter phage Psymv2,1223
Stx2-converting phage 1717,1224
Enterobacteria phage 9g,1225
Enterobacteria phage JenK1,1226
Enterobacteria phage JenP1,1227
Enterobacteria phage JenP2,1228
Escherichia phage Seurat,1229
Prochlorococcus phage Syn1,123
Pantoea phage vB_PagS_Vid5,1230
Rhizobium phage RHEph04,1231
Rhizobium phage RHEph06,1232
Salmonella phage SE1 (in:Nonagvirus),1233
Burkholderia phage BcepSauron,1234
Burkholderia phage BcepSaruman,1235
Pseudomonas phage Lu11,1236
Pseudomonas phage PaBG,1237
Dickeya phage vB_DsoM_JA29,1238
Enterobacteria phage SfI,1239
Prochlorococcus phage Syn33,124
Burkholderia phage KS10,1240
Enterobacteria phage phiP27,1241
Escherichia phage D108,1242
Haemophilus phage SuMu,1243
Mannheimia phage vB_MhM_3927AP2,1244
Pseudomonas phage B3,1245
Pseudomonas phage H70,1246
Pseudomonas phage JBD24,1247
Pseudomonas phage JBD25,1248
Pseudomonas phage JBD30,1249
Pseudomonas phage pf16,125
Pseudomonas phage JBD5,1250
Pseudomonas phage JBD67,1251
Pseudomonas phage JBD69,1252
Pseudomonas phage JBD88a,1253
Pseudomonas phage JBD93,1254
Pseudomonas phage JD024,1255
Pseudomonas phage MP42,1256
Pseudomonas phage MP48,1257
Pseudomonas phage vB_PaeS_PAO1_Ab30,1258
Pseudomonas phage vB_PaeS_PM105,1259
Rhizobium phage vB_RleM_P10VF,126
Rhizobium phage vB_RleM_PPF1,1260
Rhodobacter phage RcapMu,1261
Salmonella phage 118970_sal3,1262
Salmonella phage ST64B,1263
Cronobacter phage phiES15,1264
Enterobacteria phage mEp237,1265
Escherichia phage HK639,1266
Rhizobium phage vB_RleS_L338C,1267
Enterobacter phage Tyrion,1268
Erwinia phage phiEt88,1269
Sinorhizobium phage phiM12,127
Escherichia phage TL-2011b,1270
Escherichia phage phiV10,1271
Pseudomonas phage vB_PaeP_Tr60_Ab31,1272
Salmonella phage SPN1S,1273
Butyrivibrio virus Arawn,1274
Lactobacillus phage Ld17,1275
Lactobacillus phage Ld25A,1276
Lactobacillus phage Ld3,1277
Lactobacillus phage phiLdb,1278
Caulobacter phage CcrBL9,1279
Sinorhizobium phage phiM7,128
Caulobacter phage CcrBL10,1280
Caulobacter phage CcrColossus,1281
Caulobacter phage CcrPW,1282
Caulobacter phage CcrSC,1283
Sphingobium phage Lacusarx,1284
Citrobacter phage CVT22,1285
Celeribacter phage P12053L,1286
Lentibacter virus vB_LenP_ICBM1,1287
Lentibacter virus vB_LenP_ICBM2,1288
Pseudoalteromonas phage RIO-1,1289
Sinorhizobium phage phiM9,129
Puniceispirillum phage HMO-2011,1290
Salinivibrio phage CW02,1291
Vibrio phage ICP2,1292
Vibrio phage ICP2_2013_A_Haiti,1293
Cellulophaga phage phi13:2,1294
Cellulophaga phage phi10:1,1295
Cellulophaga phage phi18:3,1296
Cellulophaga phage phi19:1,1297
Cellulophaga phage phi19:3,1298
Cellulophaga phage phi46:3,1299
Pseudomonas phage PAE1,13
Sinorhizobium phage phiN3,130
Flavobacterium phage 11b,1300
Cellulophaga phage phi17:1,1301
Cellulophaga phage phi12:1,1302
Cellulophaga phage phi18:1,1303
Flavobacterium phage vB_FspM_lotta8-1,1304
Flavobacterium phage vB_FspM_pippi8-1,1305
Cellulophaga phage phi38:1,1306
Flavobacterium phage vB_FspS_filifjonk9-1,1307
Flavobacterium phage vB_FspS_hattifnatt9-1,1308
Flavobacterium phage vB_FspS_hemulen6-1,1309
Stenotrophomonas phage Mendera,131
Flavobacterium phage vB_FspS_lillamy9-1,1310
Flavobacterium phage vB_FspS_morran9-1,1311
Flavobacterium phage vB_FspS_mumin9-1,1312
Flavobacterium phage vB_FspS_mymlan6-1,1313
Flavobacterium phage vB_FspS_sniff9-1,1314
Flavobacterium phage vB_FspS_snork6-1,1315
Flavobacterium phage vB_FspS_snusmum6-1,1316
Flavobacterium phage vB_FspS_stinky9-1,1317
Flavobacterium phage vB_FspS_tooticki6-1,1318
Citrobacter phage Sazh,1319
Stenotrophomonas phage Moby,132
Citrobacter phage CF1 DK-2017,1320
Citrobacter virus Stevie,1321
Cronobacter phage CS01,1322
Enterobacter phage Ec_L1,1323
Enterobacteria phage phiJLA23,1324
Enterobacteria phage vB_EcoS_IME18,1325
Enterobacteria phage vB_EcoS_IME347,1326
Enterobacteria phage vB_EcoS_IME542,1327
Enterobacteria phage vB_EcoS_NBD2,1328
Enterobacteria phage vB_EcoS_Rogue1,1329
Stenotrophomonas phage YB07,133
Escherichia phage ADB-2,1330
Escherichia phage C119,1331
Escherichia phage DTL,1332
Escherichia phage Eco_BIFF,1333
Escherichia phage Henu8,1334
Escherichia phage JMPW1,1335
Escherichia phage JMPW2,1336
Escherichia phage LL5,1337
Escherichia phage PGN590,1338
Escherichia phage SRT8,1339
Synechococcus phage Bellamy,134
Escherichia phage aalborv,1340
Escherichia phage aaroes,1341
Escherichia phage atuna,1342
Escherichia phage damhaus,1343
Escherichia phage e4/1c,1344
Escherichia phage egaa,1345
Escherichia phage grams,1346
Escherichia phage haarsle,1347
Escherichia phage herni,1348
Escherichia phage tonijn,1349
Synechococcus phage S-CRM01,135
Escherichia phage tonn,1350
Escherichia phage tonnikala,1351
Escherichia phage tunus,1352
Escherichia phage vB_EcoS-95,1353
Escherichia phage vB_EcoS-IME253,1354
Escherichia phage vB_EcoS_ESCO41,1355
Escherichia phage vB_EcoS_G29-2,1356
Escherichia phage vB_EcoS_SH2,1357
Escherichia phage vB_Ecos_CEB_EC3a,1358
Escherichia phage vojen,1359
Synechococcus phage S-MbCM100,136
Klebsiella phage 13,1360
Klebsiella phage 1513,1361
Klebsiella phage GH-K3,1362
Klebsiella phage KLPN1,1363
Klebsiella phage KOX1,1364
Klebsiella phage KP1801,1365
Klebsiella phage KP36,1366
Klebsiella phage KPN N141,1367
Klebsiella phage KpKT21phi1,1368
Klebsiella phage MezzoGao,1369
Synechococcus phage S-PM2,137
Klebsiella phage NJR15,1370
Klebsiella phage NJS1,1371
Klebsiella phage NJS2,1372
Klebsiella phage PKP126,1373
Klebsiella phage PhiKpNIH-2,1374
Klebsiella phage Shelby,1375
Klebsiella phage Sin4,1376
Klebsiella phage Skenny,1377
Klebsiella phage Sushi,1378
Klebsiella phage Sweeny,1379
Synechococcus phage S-RIM2 R1_1999,138
Klebsiella phage TAH8,1380
Klebsiella phage TSK1,1381
Klebsiella phage vB_KpnS_15-38_KLPPOU149,1382
Klebsiella phage vB_KpnS_IMGroot,1383
Klebsiella phage vB_KpnS_KpV522,1384
Klebsiella phage vB_KpnS_SegesCirculi,1385
Klebsiella virus GML-KpCol1,1386
Pantoea phage vB_PagM_AAM37,1387
Pantoea phage vB_PagM_PSKM,1388
Pantoea phage vB_PagS_AAS23,1389
Synechococcus phage S-RIM8 A.HR1,139
Salmonella phage 36,1390
Salmonella phage YSP2,1391
Salmonella phage phSE-2,1392
Salmonella phage slyngel,1393
Salmonella phage vB_SenS_PHB07,1394
Shigella phage JK16,1395
Shigella phage SH6,1396
Shigella phage Sd1,1397
Shigella phage Sf12,1398
Shigella phage Sfin-1,1399
Pseudomonas phage PMBT14,14
Synechococcus phage S-RSM4,140
Shigella phage pSf-1,1400
Shigella phage pSf-2,1401
Shigella phage vB_SflS-ISF001,1402
Shigella phage vB_SsoS-ISF002,1403
Shigella phage vB_SsoS_008,1404
Shigella virus 2019SD1,1405
Shigella virus Sfin-3,1406
Xanthomonas phage vB_XveM_DIBBI,1407
Enterobacteria phage ime09,1408
Citrobacter phage Michonne,1409
Synechococcus phage S-SM1,141
Citrobacter phage SH2,1410
Citrobacter phage SH1,1411
Citrobacter phage SH3,1412
Citrobacter phage SH4,1413
Citrobacter phage phiCFP-1,1414
Cronobacter phage GW1,1415
Delftia phage IME-DE1,1416
Dickeya phage Dagda,1417
Dickeya phage Katbat,1418
Dickeya phage Luksen,1419
Synechococcus phage S-SM2,142
Dickeya phage Mysterion,1420
Dickeya phage Ninurta,1421
Dickeya phage vB_DsoP_JA10,1422
Enterobacter phage E-2,1423
Enterobacter phage E-3,1424
Enterobacter phage phiEap-1,1425
Enterobacteria phage 13a,1426
Enterobacteria phage 285P,1427
Enterobacteria phage BA14,1428
Enterobacteria phage EcoDS1,1429
Synechococcus phage S-SSM5,143
Enterobacteria phage K1F,1430
Enterobacteria phage T3,1431
Enterobacteria phage T7M,1432
Enterobacteria phage vB_EcoP_IME390,1433
Erwinia phage FE44,1434
Erwinia phage vB_EamP-L1,1435
Escherichia phage 64795_ec1,1436
Escherichia phage C5,1437
Escherichia phage CICC 80001,1438
Escherichia phage ECA2,1439
Synechococcus phage S-SSM7,144
Escherichia phage EG1,1440
Escherichia phage Ebrios,1441
Escherichia phage HZ2R8,1442
Escherichia phage HZP2,1443
Escherichia phage IMM-002,1444
Escherichia phage LL2,1445
Escherichia phage N30,1446
Escherichia phage P483,1447
Escherichia phage P694,1448
Escherichia phage PE3-1,1449
Synechococcus phage S-ShM2,145
Escherichia phage SRT7,1450
Escherichia phage ST31,1451
Escherichia phage YZ1,1452
Escherichia phage ZG49,1453
Escherichia phage vB_EcoP-Ro45lw,1454
Escherichia phage vB_EcoP_F,1455
Escherichia phage vB_EcoP_GA2A,1456
Escherichia phage vB_EcoP_S523,1457
Escherichia virus Vec13,1458
Klebsiella phage 2044-307w,1459
Synechococcus phage S-T4,146
Klebsiella phage Henu1,1460
Klebsiella phage K11,1461
Klebsiella phage K5,1462
Klebsiella phage K5-2,1463
Klebsiella phage K5-4,1464
Klebsiella phage KP32,1465
Klebsiella phage Pharr,1466
Klebsiella phage SH-Kp 152410,1467
Klebsiella phage kpssk3,1468
Klebsiella phage vB_Kp1,1469
Synechococcus phage Syn19,147
Klebsiella phage vB_KpnP_BIS33,1470
Klebsiella phage vB_KpnP_IL33,1471
Klebsiella phage vB_KpnP_IME205,1472
Klebsiella phage vB_KpnP_IME321,1473
Klebsiella phage vB_KpnP_KpV289,1474
Klebsiella phage vB_KpnP_KpV763,1475
Klebsiella phage vB_KpnP_KpV766,1476
Klebsiella phage vB_KpnP_KpV767,1477
Klebsiella phage vB_KpnP_PRA33,1478
Kluyvera phage Kvp1,1479
Synechococcus phage metaG-MbCM1,148
Leclercia phage 10164-302,1480
Morganella phage MmP1,1481
Morganella phage vB_MmoP_MP2,1482
Pasteurella phage PHB01,1483
Pasteurella phage PHB02,1484
Pectobacterium phage DU_PP_II,1485
Pectobacterium phage Jarilo,1486
Pectobacterium phage PP47,1487
Pectobacterium phage PP74,1488
Pectobacterium phage PP81,1489
Synechococcus phage syn9,149
Phage NC-A,1490
Pseudomonas phage 22PfluR64PP,1491
Pseudomonas phage Henninger,1492
Pseudomonas phage PFP1,1493
Pseudomonas phage PPPL-1,1494
Pseudomonas phage Pf-10,1495
Pseudomonas phage Phi-S1,1496
Pseudomonas phage PspYZU08,1497
Pseudomonas phage UNO-SLW1,1498
Pseudomonas phage phi15,1499
Pseudomonas phage PaMx11,15
Vibrio phage henriette 12B8,150
Pseudomonas phage phiIBB-PF7A,1500
Pseudomonas phage phiPSA2,1501
Pseudomonas phage phiPsa17,1502
Pseudomonas virus KNP,1503
Pseudomonas virus Pf1 ERZ-2017,1504
Pseudomonas virus WRT,1505
Ralstonia phage DU_RP_I,1506
Ralstonia phage RPSC1,1507
Ralstonia phage phiITL-1,1508
Salmonella phage 3A_8767,1509
Acinetobacter phage AbP2,151
Salmonella phage BP12A,1510
Salmonella phage BSP161,1511
Salmonella phage phiSG-JL2,1512
Serratia phage 2050H2,1513
Serratia phage SM9-3Y,1514
Shigella phage SFPH2,1515
Shigella phage VB_Ship_A7,1516
Stenotrophomonas phage IME15,1517
Vibrio phage ICP3,1518
Vibrio phage N4,1519
Acinetobacter phage AB1,152
Vibriophage VP4,1520
Yersinia phage Berlin,1521
Yersinia phage PYPS50,1522
Yersinia phage Yep-phi,1523
Yersinia phage Yepe2,1524
Yersinia phage YpP-Y,1525
Yersinia phage YpsP-G,1526
Yersinia phage phiYe-F10,1527
Yersinia phage phiYeO3-12,1528
Yersinia phage vB_YenP_AP10,1529
Acinetobacter phage IME-AB2,153
Yersinia phage vB_YenP_AP5,1530
Pelagibacter phage HTVC019P,1531
Pelagibacter phage HTVC011P,1532
Ralstonia phage RsoP1EGY,1533
Rhizobium phage RHEph01,1534
Enterobacteria phage UAB_Phi78,1535
Citrobacter phage vB_CroP_CrRp3,1536
Enterobacteria phage vB_EcoP_ACG-C91,1537
Erwinia amylovora phage Era103,1538
Erwinia phage vB_EamP-S2,1539
Acinetobacter phage LZ35,154
Escherichia phage ECBP5,1540
Escherichia phage LL11,1541
Escherichia phage vB_EcoP_B,1542
Escherichia phage vB_EcoP_C,1543
Escherichia phage vB_EcoP_K,1544
Escherichia virus AAPEc6,1545
Escherichia virus VEc3,1546
Escherichia virus mutPK1A2,1547
Lelliottia phage phD2B,1548
Marinomonas phage CB5A,1549
Acinetobacter phage WCHABP1,155
Marinomonas phage CPP1m,1550
Pectobacterium phage PP1,1551
Pectobacterium phage PP99,1552
Proteus phage PM 116,1553
Proteus phage PM 85,1554
Proteus phage PM 93,1555
Proteus phage vB_PmiP_Pm5460,1556
Pseudomonas phage Achelous,1557
Pseudomonas phage Alpheus,1558
Pseudomonas phage Nerthus,1559
Acinetobacter phage WCHABP12,156
Pseudomonas phage Njord,1560
Pseudomonas phage uligo,1561
Salmonella phage BP12B,1562
Vibrio phage AS51,1563
Vibrio phage VEN,1564
Vibrio phage Vc1,1565
Vibrio phage Vp670,1566
Vibrio phage phi-A318,1567
Clostridium phage CDKM9,1568
Clostridium phage CDKM15,1569
Acinetobacter phage YMC-13-01-C62,157
Clostridium phage phiCD111,1570
Clostridium phage phiCD38-2,1571
Clostridium phage phiCD481-1,1572
Clostridium phage phiCD505,1573
Clostridium phage phiCD506,1574
Clostridium phage phiCDHM14,1575
Clostridium phage phiCDHM19,1576
Clostridium phage phiMMP02,1577
Clostridium phage phiMMP04,1578
Clostridium phage CPS1,1579
Acinetobacter phage YMC11/12/R2315,158
Clostridium phage CPD2,1580
Clostridium phage CPS2,1581
Clostridium phage phi24R,1582
Clostridium phage phiCP7R,1583
Clostridium phage phiCPV4,1584
Clostridium phage phiZP2,1585
Clostridium phage susfortuna,1586
Clostridium phage phiCTP1,1587
Clostridium phage phi8074-B1,1588
Clostridium phage phiCD146,1589
Acinetobacter phage phiAC-1,159
Clostridium phage phiCP26F,1590
Clostridium phage phiCP13O,1591
Clostridium phage phiCP34O,1592
Clostridium phage phiCT19406A,1593
Clostridium phage phiCTC2A,1594
Staphylococcus phage 3MRA,1595
Corynebacterium phage Juicebox,1596
Gordonia phage BetterKatz,1597
Gordonia phage Blueberry,1598
Gordonia phage CaptainKirk2,1599
Pseudomonas phage PaMx25,16
Aeromonas phage vB_AsaM-56,160
Gordonia phage CarolAnn,1600
Gordonia phage Fairfaxidum,1601
Gordonia phage Guacamole,1602
Gordonia phage Obliviate,1603
Gordonia phage Ruthy,1604
Gordonia phage UmaThurman,1605
Gordonia phage Utz,1606
Rhodococcus phage Whack,1607
Corynebacterium phage phi673,1608
Corynebacterium phage BFK20,1609
Acinetobacter phage AbKT21phiIII,161
Corynebacterium phage phi674,1610
Gordonia phage Trine,1611
Propionibacterium phage Anatole,1612
Rhodococcus phage ReqiPine5,1613
Corynebacterium phage Darwin,1614
Corynebacterium phage C3PO,1615
Corynebacterium phage P1201,1616
Corynebacterium phage Zion,1617
Gordonia phage GRU1,1618
Gordonia phage GTE5,1619
Acinetobacter phage AB3,162
Gordonia phage GTE8,1620
Mycobacterium phage Indlulamithi,1621
Corynebacterium phage Poushou,1622
Gordonia phage GMA4,1623
Gordonia phage Gibbin,1624
Gordonia phage Lambo,1625
Gordonia phage Ranch,1626
Gordonia phage Sadboi,1627
Gordonia phage Suzy,1628
Gordonia phage Terapin,1629
Acinetobacter phage Abp1,163
Gordonia phage Yikes,1630
Mycobacterium phage Fowlmouth,1631
Mycobacterium phage Gumball,1632
Mycobacterium phage Hawkeye,1633
Mycobacterium phage PBI1,1634
Mycobacterium phage PLot,1635
Mycobacterium phage Papyrus,1636
Mycobacterium phage Send513,1637
Escherichia phage slur16,1638
Edwardsiella virus pEt-SU,1639
Acinetobacter phage Fri1,164
Cronobacter phage CR5,1640
Erwinia phage Derbicus,1641
Erwinia phage Ea35-70,1642
Erwinia phage PhiEaH1,1643
Erwinia phage Wellington,1644
Erwinia phage phiEaH2,1645
Erwinia phage vB_EamM_Asesino,1646
Erwinia phage vB_EamM_Caitlin,1647
Erwinia phage vB_EamM_ChrisDB,1648
Erwinia phage vB_EamM_Deimos-Minion,1649
Acinetobacter phage IME200,165
Erwinia phage vB_EamM_Desertfox,1650
Erwinia phage vB_EamM_EarlPhillipIV,1651
Erwinia phage vB_EamM_Huxley,1652
Erwinia phage vB_EamM_Kwan,1653
Erwinia phage vB_EamM_Phobos,1654
Erwinia phage vB_EamM_RAY,1655
Erwinia phage vB_EamM_RisingSun,1656
Erwinia phage vB_EamM_Simmy50,1657
Erwinia phage vB_EamM_Special G,1658
Escherichia phage vB_EcoM_Goslar,1659
Acinetobacter phage Petty,166
Halocynthia phage JM-2012,1660
Pseudomonas phage 201phi2-1,1661
Pseudomonas phage EL,1662
Pseudomonas phage Noxifer,1663
Pseudomonas phage PA7,1664
Pseudomonas phage PhiPA3,1665
Pseudomonas phage SL2,1666
Salmonella phage SPN3US,1667
Serratia phage 2050HW,1668
Serratia phage Moabite,1669
Acinetobacter phage SH-Ab 15519,167
Vibrio phage Aphrodite1,1670
Cronobacter phage ENT47670,1671
Enterobacteria phage mEp043 c-1,1672
Enterobacteria phage mEp460,1673
Enterobacteria phage phi80,1674
Enterobacterial phage mEp213,1675
Escherichia phage slur05,1676
Salmonella phage SPN3UB,1677
Salmonella phage vB_SosS_Oslo,1678
Shigella phage EP23,1679
Acinetobacter phage WCHABP5,168
Enterobacteria phage ES18,1680
Enterobacteria phage VT2-Sakai,1681
Erwinia phage vB_EhrS_49,1682
Erwinia phage vB_EhrS_59,1683
Mannheimia phage vB_MhS_535AP2,1684
Pseudomonas phage JBD44,1685
Pseudomonas phage YMC11/07/P54_PAE_BP,1686
Pseudomonas phage phi297,1687
Salmonella phage 64795_sal3,1688
Salmonella phage IME207,1689
Acinetobacter phage phiAB1,169
Sinorhizobium phage phiLM21,1690
Stx2-converting phage 86,1691
Escherichia phage Envy,1692
Escherichia phage Gluttony,1693
Escherichia phage PA28,1694
Escherichia phage SH2026Stx1,1695
Escherichia phage YD-2008.s,1696
Pseudomonas phage phiPMW,1697
Shigella phage 75/02 Stx,1698
Shigella phage POCJ13,1699
Pseudomonas phage PaMx28,17
Acinetobacter phage phiAB6,170
Shigella phage Ss-VASD,1700
Stx converting phage vB_EcoS_P27,1701
Stx converting phage vB_EcoS_ST2-8624,1702
Stx1 converting phage AU5Stx1,1703
Stx1 converting phage AU6Stx1,1704
Enterobacteria phage vB_EcoM-FV3,1705
Escherichia phage 2 JES-2013,1706
Salmonella phage 21,1707
Cyanophage NATL1A-7,1708
Cyanophage 9515-10a,1709
Acinetobacter phage vB_AbaP_46-62_Aci07,171
Cyanophage NATL2A-133,1710
Cyanophage P-SSP2,1711
Cyanophage S-TIM5,1712
Synechococcus T7-like virus S-TIP37,1713
Synechococcus phage S-B28,1714
Synechococcus phage S-CBP1,1715
Synechococcus phage S-CBP2,1716
Synechococcus phage S-CBP3,1717
Synechococcus phage S-CBP4,1718
Synechococcus phage S-CBP42,1719
Acinetobacter phage vB_AbaP_AS11,172
Synechococcus phage S-CBS2,1720
Cyanophage PSS2,1721
Synechococcus phage S-CBWM1,1722
Geobacillus phage TP-84,1723
Enterobacter phage phiKDA1,1724
Escherichia phage Minorna,1725
Klebsiella phage AltoGao,1726
Klebsiella phage F19,1727
Klebsiella phage KP-Rio/2015,1728
Klebsiella phage KP34,1729
Acinetobacter phage vB_AbaP_AS12,173
Klebsiella phage KPV811,1730
Klebsiella phage myPSH1235,1731
Klebsiella phage phiBO1E,1732
Klebsiella phage phiKpS2,1733
Klebsiella phage vB_KpnP_KpV48,1734
Klebsiella phage vB_KpnP_KpV74,1735
Klebsiella phage vB_KpnP_SU503,1736
Klebsiella phage vB_KpnP_SU552A,1737
Pantoea phage LIMElight,1738
Pectobacterium phage Clickz,1739
Acinetobacter phage vB_AbaP_Acibel007,174
Pectobacterium phage Gaspode,1740
Pectobacterium phage Khlen,1741
Pectobacterium phage Koot,1742
Pectobacterium phage Lelidair,1743
Pectobacterium phage Nobby,1744
Pectobacterium phage PP16,1745
Pectobacterium phage Peat1,1746
Pectobacterium phage Phoria,1747
Pectobacterium phage vB_PatP_CB5,1748
Pseudomonas phage LKA1,1749
Acinetobacter phage vB_AbaP_B09_Aci08,175
Pseudomonas phage YMC11/06/C171_PPU_BP,1750
Pseudomonas phage phi-2,1751
Shigella phage HRP29,1752
Shigella phage SFN6B,1753
Vibrio phage VP93,1754
Vibrio phage vB_VpaP_KF1,1755
Vibrio phage vB_VpaP_KF2,1756
Dickeya phage vB_DsoM_JA11,1757
Dickeya phage vB_DsoM_AD1,1758
Erwinia phage vB_EamM_Alexandra,1759
Acinetobacter phage vB_AbaP_B1,176
Erwinia phage vB_EamM_Y3,1760
Erwinia phage vB_EamM_Yoloswag,1761
Rhodobacter phage RcCronus,1762
Rhodobacter phage RcRhea,1763
Escherichia phage vB_EcoP_PTXU04,1764
Proteus phage VB_PmiS-Isfahan,1765
Salmonella phage 9NA,1766
Salmonella phage vB_SenS_Sasha,1767
Enterobacter phage phiEap-2,1768
Photobacterium phage PDCC-1,1769
Acinetobacter phage vB_AbaP_B3,177
Pseudomonas phage OBP,1770
Vibrio phage 2 TSL-2019,1771
Vibrio phage USC-1,1772
Vibrio phage VP4B,1773
Eggerthella phage PMBT5,1774
Faecalibacterium phage FP_Epona,1775
Vibrio phage X29,1776
Klebsiella phage JY917,1777
Klebsiella phage KL,1778
Klebsiella phage vB_KpnS_Alina,1779
Acinetobacter phage vB_AbaP_B5,178
Klebsiella phage vB_KpnS_Call,1780
Klebsiella phage vB_KpnS_Domnhall,1781
Klebsiella phage vB_KpnS_FZ10,1782
Pseudomonas phage AF,1783
Pseudoalteromonas phage BS5,1784
Salmonella phage L13,1785
Shewanella sp. phage 3/49,1786
Enterobacteria phage VT2phi_272,1787
Escherichia phage ArgO145,1788
Escherichia phage Lys12581Vzw,1789
Acinetobacter phage vB_AbaP_D2,179
Escherichia phage P13374,1790
Escherichia phage PA2,1791
Escherichia phage TL-2011c,1792
Escherichia phage phi191,1793
Escherichia phage slur01,1794
Pseudomonas phage PAJU2,1795
Salmonella phage SSU5,1796
Enterobacteria phage IME_EC2,1797
Pseudomonas phage DL62,1798
Pseudomonas phage LKD16,1799
Pseudomonas phage PaMx42,18
Acinetobacter phage vB_AbaP_PD-6A3,180
Pseudomonas phage LUZ19,1800
Pseudomonas phage MPK6,1801
Pseudomonas phage MPK7,1802
Pseudomonas phage PAXYB1,1803
Pseudomonas phage PT2,1804
Pseudomonas phage PT5,1805
Pseudomonas phage RLP,1806
Pseudomonas phage phiKMV,1807
Pseudomonas phage phiNFS,1808
Pseudomonas phage phiNV3,1809
Acinetobacter phage vB_AbaP_PD-AB9,181
Pseudomonas phage phikF77,1810
Pseudomonas phage vB_Pae-TbilisiM32,1811
Pseudomonas phage vB_PaeP_130_113,1812
Pseudomonas phage vB_PaeP_PAO1_1-15pyo,1813
Pseudomonas phage vB_PaeP_PAO1_Ab05,1814
Pseudomonas phage vB_PaeP_PPA-ABTNL,1815
Escherichia phage D6,1816
Escherichia phage slur03,1817
Erwinia phage PEp14,1818
Serratia phage Parlo,1819
Acinetobacter phage vB_ApiP_P1,182
Sinorhizobium phage PBC5,1820
Pseudomonas phage phi2,1821
Pseudomonas phage F10,1822
Enterococcus phage EFAP-1,1823
Enterococcus phage AUEF3,1824
Enterococcus phage EFRM31,1825
Enterococcus phage Ec-ZZ2,1826
Enterococcus phage EfaCPT1,1827
Enterococcus phage IME-EF4,1828
Enterococcus phage IME-EFm1,1829
Acinetobacter phage vB_ApiP_P2,183
Enterococcus phage IME-EFm5,1830
Enterococcus phage IME_EF3,1831
Enterococcus phage LY0322,1832
Enterococcus phage PMBT2,1833
Enterococcus phage SANTOR1,1834
Enterococcus phage phiSHEF2,1835
Enterococcus phage phiSHEF4,1836
Enterococcus phage phiSHEF5,1837
Enterococcus phage vB_EfaS_AL2,1838
Enterococcus phage vB_EfaS_AL3,1839
Acinetobacter phage AbTZA1,184
Enterococcus phage vB_EfaS_IME196,1840
Enterococcus phage vB_EfaS_IME198,1841
Lactobacillus phage A2,1842
Lactobacillus phage BH1,1843
Staphylococcus phage StB20,1844
Enterococcus phage phiFL1A,1845
Enterococcus phage phiFL2A,1846
Enterococcus phage VD13,1847
Listeria phage LP-026,1848
Listeria phage LP-037,1849
Acinetobacter phage AM101,185
Listeria phage LP-110,1850
Listeria phage LP-114,1851
Listeria phage P70,1852
Lactobacillus phage CL1,1853
Lactobacillus phage iLp1308,1854
Streptococcus phage phiARI0746,1855
Lactobacillus phage iA2,1856
Pediococcus phage cIP1,1857
Lactococcus phage 50902,1858
Lactococcus phage 62503,1859
Acinetobacter phage Ac42,186
Lactococcus phage 63301,1860
Lactococcus phage BM13,1861
Lactococcus phage P1045,1862
Lactococcus phage phiLC3,1863
Listeria phage P35,1864
Listeria phage P40,1865
Enterococcus phage vB_EfaP_Ef6.3,1866
Enterococcus phage vB_EfaP_Ef6.2,1867
Enterococcus phage vB_EfaP_Ef7.2,1868
Enterococcus phage vB_EfaP_Ef7.3,1869
Acinetobacter phage Acj61,187
Enterococcus phage vB_EfaP_Ef7.4,1870
Enterococcus phage vB_EfaP_Efmus1,1871
Enterococcus phage vB_EfaP_Efmus3,1872
Enterococcus phage vB_EfaP_Efmus4,1873
Enterococcus phage vB_EfaP_IME195,1874
Enterococcus phage vB_EfaP_IME199,1875
Enterococcus phage vB_EfaP_Zip,1876
Enterococcus phage vB_Efae230P-4,1877
Staphylococcus phage 66,1878
Staphylococcus phage Andhra,1879
Acinetobacter phage Acj9,188
Staphylococcus phage BP39,1880
Staphylococcus phage CSA13,1881
Staphylococcus phage GRCS,1882
Staphylococcus phage Pabna,1883
Staphylococcus phage S24-1,1884
Staphylococcus phage SAP-2,1885
Staphylococcus phage SCH1,1886
Staphylococcus phage SLPW,1887
Staphylococcus phage St 134,1888
Staphylococcus phage vB_SauP_phiAGO1.3,1889
Acinetobacter phage KARL-1,189
Staphylococcus phage phiJB,1890
Pseudomonas virus H66,1891
Faecalibacterium phage FP_Brigit,1892
Pantoea phage vB_PagM_LIET2,1893
Faecalibacterium phage FP_Mushu,1894
Rhodovulum phage vB_RhkS_P1,1895
Escherichia phage RCS47,1896
Salmonella phage SJ46,1897
Escherichia phage FEC19,1898
Escherichia phage ECML-117,1899
Pseudomonas phage PaMx74,19
Acinetobacter phage ZZ1,190
Escherichia phage vB_EcoM_WFC,1900
Escherichia phage vB_EcoM_WFH,1901
Panteoa phage Kyle,1902
Pseudomonas phage 14-1,1903
Pseudomonas phage BrSP1,1904
Pseudomonas phage DL60,1905
Pseudomonas phage DL68,1906
Pseudomonas phage EPa61,1907
Pseudomonas phage Epa13,1908
Pseudomonas phage Epa14,1909
Acinetobacter phage vB_AbaM_PhT2,191
Pseudomonas phage Epa7,1910
Pseudomonas phage F8,1911
Pseudomonas phage JG024,1912
Pseudomonas phage LBL3,1913
Pseudomonas phage LMA2,1914
Pseudomonas phage NH-4,1915
Pseudomonas phage PA5,1916
Pseudomonas phage PB1,1917
Pseudomonas phage SL1,1918
Pseudomonas phage SN,1919
Acinetobacter phage vB_AbaP_Apostate,192
Pseudomonas phage antinowhere,1920
Pseudomonas phage crassa,1921
Pseudomonas phage datas,1922
Pseudomonas phage phiKTN6,1923
Pseudomonas phage tabernarius,1924
Pseudomonas phage vB_PaeM_CEB_DP1,1925
Pseudomonas phage vB_PaeM_E215,1926
Pseudomonas phage vB_PaeM_E217,1927
Pseudomonas phage vB_PaeM_LS1,1928
Pseudomonas phage vB_PaeM_PAO1_Ab27,1929
Acinetobacter phage vB_AbaP_Berthold,193
Pseudomonas phage vB_PaeM_SCUT-S1,1930
Pseudomonas phage vB_PaeM_USP_1,1931
Pseudomonas phage vB_Pae_PS44,1932
Pseudomonas virus PA8P1,1933
Pseudomonas virus Pa193,1934
Serratia phage MTx,1935
Serratia phage MyoSmar,1936
Shewanella sp. phage 1/41,1937
Xanthomonas phage Carpasina,1938
Xanthomonas virus XcP1,1939
Acinetobacter phage vB_AbaP_Kimel,194
Faecalibacterium phage FP_Toutatis,1940
Faecalibacterium phage FP_Lagaffe,1941
Faecalibacterium phage FP_Taranis,1942
Flavobacterium phage 23T,1943
Flavobacterium phage 1H,1944
Flavobacterium phage 2A,1945
Flavobacterium phage 6H,1946
Flavobacterium phage vB_FspS_laban6-1,1947
Flavobacterium phage FCV-1,1948
Flavobacterium phage FCL-2,1949
Acinetobacter phage vB_AbaP_Konradin,195
Flavobacterium phage Fpv1,1950
Flavobacterium phage FpV4,1951
Flavobacterium phage Fpv2,1952
Flavobacterium phage Fpv20,1953
Flavobacterium phage Fpv3,1954
Polaribacter phage P12002S,1955
Gordonia phage Asapag,1956
Gordonia phage Apricot,1957
Gordonia phage Attis,1958
Gordonia phage BENtherdunthat,1959
Acinetobacter phage vB_AbaP_Lazarus,196
Gordonia phage BaxterFox,1960
Gordonia phage BritBrat,1961
Gordonia phage Cozz,1962
Gordonia phage Emalyn,1963
Gordonia phage GAL1,1964
Gordonia phage GTE2,1965
Gordonia phage Getalong,1966
Gordonia phage Horus,1967
Gordonia phage Kenna,1968
Gordonia phage Kita,1969
Aeromonas phage AS-gz,197
Gordonia phage Lucky10,1970
Gordonia phage Nymphadora,1971
Gordonia phage Phistory,1972
Gordonia phage SoilAssassin,1973
Gordonia phage Troje,1974
Gordonia phage Twister6,1975
Gordonia phage Wizard,1976
Gordonia phage Zirinka,1977
Mycobacterium phage Jabbawokkie,1978
Mycobacterium phage Marvin,1979
Aeromonas phage AS-sw,198
Mycobacterium phage MosMoris,1980
Mycobacterium phage Muddy,1981
Mycobacterium phage TChen,1982
Mycobacterium phage ThetaBob,1983
Tsukamurella phage TPA4,1984
Gordonia phage Schnabeltier,1985
Gordonia phage Yeezy,1986
Gordonia phage Bowser,1987
Gordonia phage Eyre,1988
Gordonia phage GMA1,1989
Aeromonas phage AS-zj,199
Gordonia phage Hedwig,1990
Mycobacterium phage 32HC,1991
Mycobacterium phage BigNuz,1992
Mycobacterium phage Brusacoram,1993
Mycobacterium phage Donovan,1994
Mycobacterium phage Fishburne,1995
Mycobacterium phage Giles,1996
Mycobacterium phage Jebeks,1997
Mycobacterium phage Malithi,1998
Mycobacterium phage Phayonce,1999
Achromobacter phage phiAxp-1,2
Pseudomonas phage vB_Pae-Kakheti25,20
Aeromonas phage Aes012,200
Mycobacterium phage Sbash,2000
Mycobacterium phage Shipwreck,2001
Mycobacterium phage Tortellini,2002
Gordonia phage Bantam,2003
Gordonia phage Bachita,2004
Gordonia phage BrutonGaster,2005
Gordonia phage ClubL,2006
Gordonia phage Cucurbita,2007
Gordonia phage Daredevil,2008
Gordonia phage OneUp,2009
Aeromonas phage Aes508,201
Gordonia phage Smoothie,2010
Gordonia phage Yvonnetastic,2011
Mycobacterium phage Sparky,2012
Rhodococcus phage REQ3,2013
Gordonia phage BirksAndSocks,2014
Gordonia phage Beaver,2015
Gordonia phage Chelms,2016
Gordonia phage Demosthenes,2017
Gordonia phage Flakey,2018
Gordonia phage GMA3,2019
Aeromonas phage CC2,202
Gordonia phage GMA7,2020
Gordonia phage GTE7,2021
Gordonia phage Gmala1,2022
Gordonia phage GordDuk1,2023
Gordonia phage GordTnk2,2024
Gordonia phage Hotorobo,2025
Gordonia phage Jellybones,2026
Gordonia phage John316,2027
Gordonia phage Jumbo,2028
Gordonia phage Katyusha,2029
Aeromonas phage PX29,203
Gordonia phage Kvothe,2030
Gordonia phage Monty,2031
Gordonia phage Orchid,2032
Gordonia phage Sombrero,2033
Gordonia phage SteveFrench,2034
Gordonia phage Woes,2035
Rhodococcus phage ReqiDocB7,2036
Tsukamurella phage TIN2,2037
Tsukamurella phage TIN3,2038
Tsukamurella phage TIN4,2039
Aeromonas phage phiAS4,204
Mycobacterium phage BarrelRoll,2040
Mycobacterium phage Bipper,2041
Mycobacterium phage Cheetobro,2042
Mycobacterium phage Enkosi,2043
Mycobacterium phage Gengar,2044
Mycobacterium phage Keshu,2045
Mycobacterium phage Kratio,2046
Mycobacterium phage Milly,2047
Mycobacterium phage Mufasa,2048
Mycobacterium phage Murucutumbu,2049
Aeromonas phage phiAS5,205
Mycobacterium phage OkiRoe,2050
Mycobacterium phage ShedlockHolmes,2051
Mycobacterium phage TM4,2052
Mycobacterium phage Validus,2053
Mycobacterium phage ZoeJ,2054
Mycobacterium virus Fionnbarth,2055
Mycobacterium virus Pixie,2056
Gordonia phage Nyceirae,2057
Gordonia phage GTE6,2058
Gordonia phage Brandonk123,2059
Citrobacter phage CF1 ERZ-2017,206
Gordonia phage Lennon,2060
Gordonia phage Phinally,2061
Gordonia phage Vivi2,2062
Mycobacterium phage DS6A,2063
Mycobacterium phage Renaud18,2064
Gordonia phage JSwag,2065
Gordonia phage Rosalind,2066
Gordonia phage Soups,2067
Gordonia phage Waits,2068
Mycobacterium phage Carcharodon,2069
Citrobacter phage IME-CF2,207
Mycobacterium phage Charlie,2070
Mycobacterium phage MichelleMyBell,2071
Mycobacterium phage Pipsqueaks,2072
Mycobacterium phage SkinnyPete,2073
Gordonia phage GodonK,2074
Gordonia phage Fryberger,2075
Gordonia phage Ronaldo,2076
Mycobacterium phage Bipolar,2077
Mycobacterium phage Cornie,2078
Mycobacterium phage Florinda,2079
Citrobacter phage Margaery,208
Mycobacterium phage Hamulus,2080
Mycobacterium phage Inventum,2081
Mycobacterium phage Llama,2082
Mycobacterium phage Llij,2083
Mycobacterium phage Spartacus,2084
Mycobacterium phage Tweety,2085
Streptomyces phage Austintatious,2086
Streptomyces phage Darolandstone,2087
Streptomyces phage Ididsumtinwong,2088
Streptomyces phage PapayaSalad,2089
Citrobacter phage Merlin,209
Streptomyces phage Picard,2090
Streptomyces phage Raleigh,2091
Streptomyces phage SV1,2092
Mycobacterium phage Barnyard,2093
Mycobacterium phage Cuke,2094
Mycobacterium phage DrLupo,2095
Microbacterium phage Krampus,2096
Mycobacterium phage Damien,2097
Mycobacterium phage Konstantine,2098
Mycobacterium phage Oaker,2099
Pseudomonas phage vB_PaeS_PAO1_Ab18,21
Citrobacter phage Miller,210
Mycobacterium phage Patience,2100
Mycobacterium phage Predator,2101
Mycobacterium phage Troll4,2102
Gordonia phage Sour,2103
Mycobacterium phage Qyrzula,2104
Tsukamurella phage TPA2,2105
Microbacterium phage Min1,2106
Mycobacterium phage BuzzLyseyear,2107
Mycobacterium phage Squirty,2108
Gordonia phage KatherineG,2109
Citrobacter phage Moon,211
Gordonia phage Remus,2110
Gordonia phage Strosahl,2111
Mycobacterium phage 20ES,2112
Mycobacterium phage 40AC,2113
Mycobacterium phage Adzzy,2114
Mycobacterium phage AnnaL29,2115
Mycobacterium phage Anubis,2116
Mycobacterium phage ArcherNM,2117
Mycobacterium phage Artemis2UCLA,2118
Mycobacterium phage BTCU-1,2119
Citrobacter phage vB_CfrM_CfP1,212
Mycobacterium phage Bactobuster,2120
Mycobacterium phage BellusTerra,2121
Mycobacterium phage Blue7,2122
Mycobacterium phage CRB1,2123
Mycobacterium phage Catalina,2124
Mycobacterium phage Chadwick,2125
Mycobacterium phage Chy4,2126
Mycobacterium phage Chy5,2127
Mycobacterium phage CloudWang3,2128
Mycobacterium phage Conspiracy,2129
Cronobacter phage S13,213
Mycobacterium phage EagleEye,2130
Mycobacterium phage Echild,2131
Mycobacterium phage Equemioh13,2132
Mycobacterium phage EvilGenius,2133
Mycobacterium phage First,2134
Mycobacterium phage Fredward,2135
Mycobacterium phage HINdeR,2136
Mycobacterium phage Iracema64,2137
Mycobacterium phage Jobu08,2138
Mycobacterium phage Jovo,2139
Cronobacter phage vB_CsaM_GAP161,214
Mycobacterium phage Kampy,2140
Mycobacterium phage LadyBird,2141
Mycobacterium phage Larenn,2142
Mycobacterium phage LittleCherry,2143
Mycobacterium phage Loser,2144
Mycobacterium phage Luchador,2145
Mycobacterium phage MarQuardt,2146
Mycobacterium phage Mulciber,2147
Mycobacterium phage Nyxis,2148
Mycobacterium phage Obama12,2149
Cronobacter phage vB_CsaM_leE,215
Mycobacterium phage Phantastic,2150
Mycobacterium phage Phlei,2151
Mycobacterium phage Pioneer,2152
Mycobacterium phage Piro94,2153
Mycobacterium phage RedRock,2154
Mycobacterium phage RhynO,2155
Mycobacterium phage Rockstar,2156
Mycobacterium phage SWU1,2157
Mycobacterium phage Serenity,2158
Mycobacterium phage Severus,2159
Enterobacter phage PG7,216
Mycobacterium phage Sheen,2160
Mycobacterium phage Smeadley,2161
Mycobacterium phage SweetiePie,2162
Mycobacterium phage Swirley,2163
Mycobacterium phage Theia,2164
Mycobacterium phage Tiffany,2165
Mycobacterium phage Tiger,2166
Mycobacterium phage Timshel,2167
Mycobacterium phage Trike,2168
Mycobacterium phage Trixie,2169
Enterobacter phage phiEap-3,217
Mycobacterium phage Turbido,2170
Mycobacterium phage Twister,2171
Mycobacterium phage UnionJack,2172
Mycobacterium phage VohminGhazi,2173
Mycobacterium phage Wile,2174
Mycobacterium phage Zaka,2175
Mycobacterium virus Alma,2176
Mycobacterium virus Arturo,2177
Mycobacterium virus Astro,2178
Mycobacterium virus Backyardigan,2179
Enterobacter phage vB_EclM_CIP9,218
Mycobacterium virus Benedict,2180
Mycobacterium virus Bxz2,2181
Mycobacterium virus Cuco,2182
Mycobacterium virus George,2183
Mycobacterium virus Gladiator,2184
Mycobacterium virus Goose,2185
Mycobacterium virus Hammer,2186
Mycobacterium virus JHC117,2187
Mycobacterium virus Jeffabunny,2188
Mycobacterium virus LHTSCC,2189
Enterobacteria phage Bp7,219
Mycobacterium virus Microwolf,2190
Mycobacterium virus Peaches,2191
Mycobacterium virus Pukovnik,2192
Mycobacterium virus Rebeuca,2193
Mycobacterium virus Saintus,2194
Rhodococcus phage CosmicSans,2195
Rhodococcus phage Hiro,2196
Rhodococcus phage RER2,2197
Rhodococcus phage Takoda,2198
Mycobacterium phage Angel,2199
Pseudomonas phage vB_PaeS_SCH_Ab26,22
Enterobacteria phage IME08,220
Mycobacterium phage Cambiare,2200
Mycobacterium phage FlagStaff,2201
Mycobacterium phage Jolie2,2202
Mycobacterium phage Leo,2203
Mycobacterium phage MOOREtheMARYer,2204
Mycobacterium phage Sneeze,2205
Mycobacterium phage Akoma,2206
Mycobacterium phage Athena,2207
Mycobacterium phage Bane1,2208
Mycobacterium phage Bernardo,2209
Enterobacteria phage RB14,221
Mycobacterium phage BrownCNA,2210
Mycobacterium phage Gadjet,2211
Mycobacterium phage Godines,2212
Mycobacterium phage Newman,2213
Mycobacterium phage Nigel,2214
Mycobacterium phage Phaedrus,2215
Mycobacterium phage Phlyer,2216
Mycobacterium phage Pipefish,2217
Mycobacterium phage Rosebush,2218
Mycobacterium phage Stinger,2219
Enterobacteria phage RB27,222
Mycobacterium phage Suffolk,2220
Mycobacterium phage Zemanar,2221
Mycobacterium virus TA17a,2222
Mycobacterium phage 39HC,2223
Mycobacterium phage Adawi,2224
Mycobacterium phage Apizium,2225
Mycobacterium phage Badfish,2226
Mycobacterium phage Baee,2227
Mycobacterium phage ChrisnMich,2228
Mycobacterium phage Colbert,2229
Enterobacteria phage RB51,223
Mycobacterium phage Cooper,2230
Mycobacterium phage Dori,2231
Mycobacterium phage Eremos,2232
Mycobacterium phage Hosp,2233
Mycobacterium phage JAMaL,2234
Mycobacterium phage JacAttac,2235
Mycobacterium phage Jolie1,2236
Mycobacterium phage KayaCho,2237
Mycobacterium phage Kikipoo,2238
Mycobacterium phage Manad,2239
Enterobacteria phage RB68,224
Mycobacterium phage OSmaximus,2240
Mycobacterium phage Oline,2241
Mycobacterium phage Orion,2242
Mycobacterium phage PG1,2243
Mycobacterium phage Phelemich,2244
Mycobacterium phage Phipps,2245
Mycobacterium phage Pops,2246
Mycobacterium phage Reprobate,2247
Mycobacterium phage ShiVal,2248
Mycobacterium phage Soto,2249
Escherichia coli O157 typing phage 3,225
Mycobacterium phage Swish,2250
Mycobacterium phage UncleHowie,2251
Mycobacterium phage Vincenzo,2252
Mycobacterium phage Vista,2253
Mycobacterium phage Vortex,2254
Mycobacterium virus Acadian,2255
Halovirus HF1,2256
Halorubrum phage HF2,2257
Halovirus HRTV-5,2258
Halovirus HRTV-7,2259
Escherichia coli O157 typing phage 6,226
Halovirus HRTV-8,2260
Halovirus HSTV-2,2261
Helicobacter phage phiHP33,2262
Helicobacter phage 1961P,2263
Idiomarinaceae phage 1N2-2,2264
Marinomonas phage P12026,2265
Pseudoalteromonas phage Pq0,2266
Stenotrophomonas phage vB_SmaS_DLP_5,2267
Yersinia phage PY54,2268
Lactobacillus phage ATCC 8014-B2,2269
Escherichia phage APCEc01,227
Lactobacillus phage Maenad,2270
Lactobacillus phage Satyr,2271
Lactobacillus phage CL2,2272
Lactobacillus phage J-1,2273
Lactobacillus phage LF1,2274
Lactobacillus phage LJ,2275
Lactobacillus phage Lc-Nu,2276
Lactobacillus phage Lrm1,2277
Lactobacillus phage PL-1,2278
Lactobacillus phage PLE2,2279
Escherichia phage ECD7,228
Lactobacillus phage phiAT3,2280
Lactobacillus phage phiPYB5,2281
Lactococcus phage 98201,2282
Lactococcus phage BK5-T,2283
Streptococcus phage Str-PAP-1,2284
Streptococcus phage YMC-2011,2285
Lactobacillus phage Ldl1,2286
Lactobacillus phage Lenus,2287
Lactobacillus phage Nyseid,2288
Lactobacillus phage P1,2289
Escherichia phage ECML-134,229
Lactobacillus phage SA-C12,2290
Lactobacillus phage Sha1,2291
Lactobacillus phage ViSo-2018a,2292
Staphylococcus phage 6ec,2293
Staphylococcus phage vB_SepS_SEP9,2294
Lactobacillus phage Lv-1,2295
Staphylococcus phage SA7,2296
Streptococcus phage APCM01,2297
Streptococcus phage M102,2298
Streptococcus phage M102AD,2299
Rhodobacter phage RcSpartan,23
Escherichia phage HY01,230
Lactococcus lactis phage p272,2300
Lactococcus lactis phage P475,2301
Lactococcus phage 05601,2302
Lactococcus phage 10W18,2303
Lactococcus phage 13W11L,2304
Lactococcus phage 16802,2305
Lactococcus phage 16W23,2306
Lactococcus phage 30804,2307
Lactococcus phage 340,2308
Lactococcus phage 37201,2309
Escherichia phage HY03,231
Lactococcus phage 38503,2310
Lactococcus phage 38507,2311
Lactococcus phage 3R16S,2312
Lactococcus phage 51701,2313
Lactococcus phage 56003,2314
Lactococcus phage 56301,2315
Lactococcus phage 57001,2316
Lactococcus phage 62601,2317
Lactococcus phage 62605,2318
Lactococcus phage 63302,2319
Escherichia phage Lw1,232
Lactococcus phage 66901,2320
Lactococcus phage 79201,2321
Lactococcus phage 88605,2322
Lactococcus phage 8V08,2323
Lactococcus phage 936 group phage Phi109,2324
Lactococcus phage 936 group phage Phi155,2325
Lactococcus phage 936 group phage Phi19.3,2326
Lactococcus phage 936 group phage Phi4.2,2327
Lactococcus phage 936 group phage Phi44,2328
Lactococcus phage 936 group phage Phi5.12,2329
Escherichia phage MX01,233
Lactococcus phage 936 group phage Phi91127,2330
Lactococcus phage 936 group phage PhiA.16,2331
Lactococcus phage 936 group phage PhiB1127,2332
Lactococcus phage 936 group phage PhiE1127,2333
Lactococcus phage 936 group phage PhiF0139,2334
Lactococcus phage 936 group phage PhiJF1,2335
Lactococcus phage 936 group phage PhiL.18,2336
Lactococcus phage 936 group phage PhiL.6,2337
Lactococcus phage 936 group phage PhiLj,2338
Lactococcus phage 936 group phage PhiM1127,2339
Escherichia phage ST0,234
Lactococcus phage 936 group phage PhiS0139,2340
Lactococcus phage 96401,2341
Lactococcus phage 96403,2342
Lactococcus phage 96603,2343
Lactococcus phage CHPC129,2344
Lactococcus phage CHPC361,2345
Lactococcus phage CHPC362,2346
Lactococcus phage CHPC52,2347
Lactococcus phage CHPC781,2348
Lactococcus phage CHPC958,2349
Escherichia phage UFV-AREG1,235
Lactococcus phage CHPC959,2350
Lactococcus phage CHPC964,2351
Lactococcus phage CHPC965,2352
Lactococcus phage CaseusJM1,2353
Lactococcus phage LP0209,2354
Lactococcus phage LP0903,2355
Lactococcus phage LP1502a,2356
Lactococcus phage LP8511,2357
Lactococcus phage LP9207,2358
Lactococcus phage LP9404,2359
Escherichia phage WG01,236
Lactococcus phage LP9609,2360
Lactococcus phage LP9903,2361
Lactococcus phage LP9908,2362
Lactococcus phage MP1,2363
Lactococcus phage MV10L,2364
Lactococcus phage P1532,2365
Lactococcus phage P4565,2366
Lactococcus phage P656,2367
Lactococcus phage P680,2368
Lactococcus phage R31,2369
Escherichia phage e11/2,237
Lactococcus phage fd13,2370
Lactococcus phage i0139,2371
Lactococcus phage jm2,2372
Lactococcus phage jm3,2373
Lactococcus phage phi145,2374
Lactococcus phage phi15,2375
Lactococcus phage phi7,2376
Lactococcus phage vB_Llc_bIBB5g1,2377
Lactococcus phage vB_Llc_bIBBF12,2378
Lactococcus phage 50101,2379
Escherichia phage slur02,238
Lactococcus phage 28201,2380
Lactococcus phage Q54,2381
Streptococcus phage SM1,2382
Lactococcus phage P087,2383
Lactococcus phage AM6,2384
Lactococcus phage P596,2385
Lactococcus phage GE1,2386
Lactococcus phage D4412,2387
Lactococcus phage D4410,2388
Lactococcus phage M5938,2389
Escherichia phage slur04,239
Lactococcus phage M6162,2390
Lactococcus phage M6165,2391
Leptospira phage LE4,2392
Leptospira phage LE3,2393
Leuconostoc phage Lmd1,2394
Leuconostoc phage 1-A4,2395
Leuconostoc phage Ln-8,2396
Leuconostoc phage Ln-9,2397
Leuconostoc phage P793,2398
Leuconostoc phage phiLN03,2399
Rhodobacter phage RcTitan,24
Escherichia phage slur07,240
Leuconostoc phage phiLN04,2400
Leuconostoc phage phiLN12,2401
Leuconostoc phage phiLN25,2402
Leuconostoc phage phiLN34,2403
Leuconostoc phage phiLN6B,2404
Leuconostoc phage phiLNTR2,2405
Leuconostoc phage phiLNTR3,2406
Liberibacter phage SC2,2407
Liberibacter phage SC1,2408
Listeria phage A006,2409
Escherichia phage slur14,241
Microbacterium phage Alex44,2410
Microbacterium phage Akoni,2411
Microbacterium phage Araxxi,2412
Microbacterium phage Arete,2413
Microbacterium phage Burro,2414
Microbacterium phage Phedro,2415
Microbacterium phage TinyTimothy,2416
Microbacterium phage Golden,2417
Microbacterium phage Eleri,2418
Microbacterium phage Hamlet,2419
Escherichia phage vB_EcoM-UFV13,242
Microbacterium phage Ilzat,2420
Microbacterium phage Koji,2421
Microbacterium phage McGalleon,2422
Microbacterium phage MonChoix,2423
Microbacterium phage Neferthena,2424
Microbacterium phage Pikmin,2425
Microbacterium phage Schubert,2426
Microbacterium phage Teagan,2427
Streptomyces phage R4,2428
Streptomyces phage phiHau3,2429
Escherichia phage vB_EcoM_JS09,243
Mycobacterium phage Aeneas,2430
Mycobacterium phage Abrogate,2431
Mycobacterium phage Alsfro,2432
Mycobacterium phage Alvin,2433
Mycobacterium phage Ariel,2434
Mycobacterium phage Barriga,2435
Mycobacterium phage CASbig,2436
Mycobacterium phage DD5,2437
Mycobacterium phage Dreamboat,2438
Mycobacterium phage Edtherson,2439
Escherichia phage vB_EcoM_PhAPEC2,244
Mycobacterium phage Gompeii16,2440
Mycobacterium phage Graduation,2441
Mycobacterium phage HanShotFirst,2442
Mycobacterium phage Lamina13,2443
Mycobacterium phage Makemake,2444
Mycobacterium phage Nerujay,2445
Mycobacterium phage Nhonho,2446
Mycobacterium phage Papez,2447
Mycobacterium phage Pari,2448
Mycobacterium phage PattyP,2449
Escherichia phage wV7,245
Mycobacterium phage Pepe,2450
Mycobacterium phage PhrostyMug,2451
Mycobacterium phage Pinto,2452
Mycobacterium phage Redno2,2453
Mycobacterium phage RidgeCB,2454
Mycobacterium phage Rufus,2455
Mycobacterium phage SarFire,2456
Mycobacterium phage Seabiscuit,2457
Mycobacterium phage SkiPole,2458
Mycobacterium phage Solon,2459
Klebsiella phage JD18,246
Mycobacterium phage Switzer,2460
Mycobacterium phage Tasp14,2461
Mycobacterium phage TheloniousMonk,2462
Mycobacterium phage Trouble,2463
Mycobacterium phage Turj99,2464
Mycobacterium phage U2,2465
Mycobacterium phage Violet,2466
Mycobacterium virus BBPiebs31,2467
Mycobacterium virus JC27,2468
Mycobacterium virus Lesedi,2469
Klebsiella phage KP15,247
Mycobacterium virus Museum,2470
Mycobacterium phage MiaZeal,2471
Mycobacterium phage ArcherS7,2472
Mycobacterium phage Alice,2473
Mycobacterium phage Astraea,2474
Mycobacterium phage Breeniome,2475
Mycobacterium phage Bxz1,2476
Mycobacterium phage Cali,2477
Mycobacterium phage Catera,2478
Mycobacterium phage Dandelion,2479
Klebsiella phage KP27,248
Mycobacterium phage ET08,2480
Mycobacterium phage Gizmo,2481
Mycobacterium phage HyRo,2482
Mycobacterium phage LinStu,2483
Mycobacterium phage Lukilu,2484
Mycobacterium phage MoMoMixon,2485
Mycobacterium phage Myrna,2486
Mycobacterium phage Nappy,2487
Mycobacterium phage Pleione,2488
Mycobacterium phage Rizal,2489
Klebsiella phage Marfa,249
Mycobacterium phage ScottMcG,2490
Mycobacterium phage Sebata,2491
Mycobacterium phage Spud,2492
Mycobacterium phage Tonenili,2493
Rhodococcus phage E3,2494
Mycobacterium phage Bernal13,2495
Mycobacterium phage Gaia,2496
Mycobacterium phage Archie,2497
Mycobacterium phage Bongo,2498
Mycobacterium phage Bruin,2499
Roseobacter phage RDJL Phi 1,25
Klebsiella phage Matisse,250
Mycobacterium phage Contagion,2500
Mycobacterium phage Crossroads,2501
Mycobacterium phage DrDrey,2502
Mycobacterium phage Dumbo,2503
Mycobacterium phage Dusk,2504
Mycobacterium phage Gardann,2505
Mycobacterium phage Goku,2506
Mycobacterium phage HufflyPuff,2507
Mycobacterium phage Lilac,2508
Mycobacterium phage Lolly9,2509
Klebsiella phage Miro,251
Mycobacterium phage Mindy,2510
Mycobacterium phage Minerva,2511
Mycobacterium phage Murphy,2512
Mycobacterium phage Nala,2513
Mycobacterium phage NelitzaMV,2514
Mycobacterium phage PegLeg,2515
Mycobacterium phage PhatBacter,2516
Mycobacterium phage Phaux,2517
Mycobacterium phage Phrux,2518
Mycobacterium phage Quink,2519
Klebsiella phage PKO111,252
Mycobacterium phage Rey,2520
Mycobacterium phage SirDuracell,2521
Mycobacterium phage Snenia,2522
Mycobacterium phage Thibault,2523
Mycobacterium phage Toto,2524
Mycobacterium phage Wanda,2525
Mycobacterium phage Whirlwind,2526
Mycobacterium virus Bron,2527
Mycobacterium virus Faith1,2528
Mycobacterium phage Bobi,2529
Klebsiella phage vB_KpnM_KpV477,253
Mycobacterium phage Brocalys,2530
Mycobacterium phage Cabrinians,2531
Mycobacterium phage CaptainTrips,2532
Mycobacterium phage Catdawg,2533
Mycobacterium phage Cerasum,2534
Mycobacterium phage Dante,2535
Mycobacterium phage Hades,2536
Mycobacterium phage Job42,2537
Mycobacterium phage Kimberlium,2538
Mycobacterium phage Ovechkin,2539
Klebsiella phage vB_Kpn_F48,254
Mycobacterium phage Phatniss,2540
Mycobacterium phage PopTart,2541
Mycobacterium phage Quico,2542
Mycobacterium phage Saal,2543
Mycobacterium phage Seagreen,2544
Mycobacterium phage Shauna1,2545
Mycobacterium phage ShiLan,2546
Mycobacterium phage SiSi,2547
Mycobacterium phage Sparkdehlily,2548
Mycobacterium phage WIVsmall,2549
Morganella phage vB_MmoM_MP1,255
Mycobacterium phage Wee,2550
Mycobacterium phage XFactor,2551
Mycobacterium virus Ibhubesi,2552
Mycobacterium virus Mozy,2553
Mycobacterium phage Butters,2554
Mycobacterium phage Panchino,2555
Mycobacterium phage Phrann,2556
Mycobacterium phage Redi,2557
Mycobacterium phage Dylan,2558
Vibrio phage VvAW1,2559
Pectobacterium bacteriophage PM2,256
Pelagibacter phage HTVC010P,2560
Polaribacter phage P12002L,2561
Propionibacterium phage ATCC29399B_T,2562
Propionibacterium phage ATCC29399B_C,2563
Propionibacterium phage Attacne,2564
Propionibacterium phage BruceLethal,2565
Propionibacterium phage Enoki,2566
Propionibacterium phage Keiki,2567
Propionibacterium phage Kubed,2568
Propionibacterium phage Lauchelly,2569
Proteus phage vB_PmiM_Pm5461,257
Propionibacterium phage Moyashi,2570
Propionibacterium phage MrAK,2571
Propionibacterium phage Ouroboros,2572
Propionibacterium phage P1.1,2573
Propionibacterium phage P100D,2574
Propionibacterium phage P100_1,2575
Propionibacterium phage P100_A,2576
Propionibacterium phage P101A,2577
Propionibacterium phage P104A,2578
Propionibacterium phage P105,2579
Salmonella phage Melville,258
Propionibacterium phage P9.1,2580
Propionibacterium phage PA1-14,2581
Propionibacterium phage PA6,2582
Propionibacterium phage PAC1,2583
Propionibacterium phage PHL009M11,2584
Propionibacterium phage PHL010M04,2585
Propionibacterium phage PHL025M00,2586
Propionibacterium phage PHL030N00,2587
Propionibacterium phage PHL037M02,2588
Propionibacterium phage PHL041M10,2589
Salmonella phage STML-198,259
Propionibacterium phage PHL055N00,2590
Propionibacterium phage PHL060L00,2591
Propionibacterium phage PHL067M01,2592
Propionibacterium phage PHL067M10,2593
Propionibacterium phage PHL070N00,2594
Propionibacterium phage PHL071N05,2595
Propionibacterium phage PHL082M00,2596
Propionibacterium phage PHL082M03,2597
Propionibacterium phage PHL085N00,2598
Propionibacterium phage PHL092M00,2599
Roseobacter phage RDJL Phi 2,26
Salmonella phage STP4-a,260
Propionibacterium phage PHL095N00,2600
Propionibacterium phage PHL111M01,2601
Propionibacterium phage PHL112N00,2602
Propionibacterium phage PHL113M01,2603
Propionibacterium phage PHL114L00,2604
Propionibacterium phage PHL116M00,2605
Propionibacterium phage PHL117M00,2606
Propionibacterium phage PHL117M01,2607
Propionibacterium phage PHL132N00,2608
Propionibacterium phage PHL141N00,2609
Salmonella phage vB_SnwM_CGG4-1,261
Propionibacterium phage PHL150M00,2610
Propionibacterium phage PHL151M00,2611
Propionibacterium phage PHL151N00,2612
Propionibacterium phage PHL152M00,2613
Propionibacterium phage PHL163M00,2614
Propionibacterium phage PHL171M01,2615
Propionibacterium phage PHL179M00,2616
Propionibacterium phage PHL194M00,2617
Propionibacterium phage PHL199M00,2618
Propionibacterium phage PHL301M00,2619
Serratia phage CHI14,262
Propionibacterium phage PHL308M00,2620
Propionibacterium phage Pacnes 2012-15,2621
Propionibacterium phage Pirate,2622
Propionibacterium phage Procrass1,2623
Propionibacterium phage QueenBey,2624
Propionibacterium phage SKKY,2625
Propionibacterium phage Solid,2626
Propionibacterium phage Stormborn,2627
Propionibacterium phage Wizzo,2628
Propionibacterium phage B22,2629
Serratia phage Muldoon,263
Propionibacterium phage Doucette,2630
Propionibacterium phage E6,2631
Propionibacterium phage G4,2632
Propionibacterium phage PFR1,2633
Propionibacterium phage PFR2,2634
Pseudoalteromonas phage H105/1,2635
Pseudomonas phage SM1,2636
Pseudomonas phage MD8,2637
Pseudomonas phage PMBT3,2638
Pseudomonas phage Lana,2639
Serratia phage PS2,264
Vibrio phage SHOU24,2640
Xanthomonas phage Xp15,2641
Vibrio phage SIO-2,2642
Rhizobium phage RHEph10,2643
Pseudomonas phage nickie,2644
Vibrio phage CHOED,2645
Synechococcus phage S-CBS1,2646
Synechococcus phage S-CBS3,2647
Rhodococcus phage Sleepyhead,2648
Rhodococcus phage Weasels2,2649
Shigella phage SHBML-50-1,265
Rhodococcus phage Trina,2650
Streptomyces phage Annadreamy,2651
Streptomyces phage BillNye,2652
Streptomyces phage Blueeyedbeauty,2653
Streptomyces phage Comrade,2654
Streptomyces phage Gilson,2655
Streptomyces phage Jay2Jay,2656
Streptomyces phage Karimac,2657
Streptomyces phage LukeCage,2658
Streptomyces phage Mildred21,2659
Shigella phage SHFML-11,266
Streptomyces phage NootNoot,2660
Streptomyces phage Paradiddles,2661
Streptomyces phage Peebs,2662
Streptomyces phage Samisti12,2663
Streptomyces phage StarPlatinum,2664
Streptomyces phage Wofford,2665
Streptomyces phage Yaboi,2666
Thalassomonas phage BA3,2667
Stenotrophomonas phage S1,2668
Shewanella sp. phage 1/44,2669
Shigella phage SHFML-26,267
Staphylococcus phage phiPVL-CN125,2670
Staphylococcus phage tp310-3,2671
Streptococcus phage phiARI0460-1,2672
Streptococcus phage phiARI0923,2673
Streptococcus phage SpSL1,2674
Streptomyces phage SF1,2675
Streptomyces phage VWB,2676
Streptomyces phage mu1/6,2677
Streptomyces phage Immanuel3,2678
Streptomyces phage FlowerPower,2679
Shigella phage SHSML-52-1,268
Streptomyces phage JXY1,2680
Streptomyces phage Manuel,2681
Streptomyces phage WRightOn,2682
Streptomyces phage SF3,2683
Synechococcus phage S-CBS4,2684
Thermus phage phiYS40,2685
Thermus phage TMA,2686
Vibrio phage QH,2687
Vibrio phage J2,2688
Vibrio phage VP2,2689
Shigella phage SP18,269
Vibrio phage VP5,2690
Vibrio phage phiVC8,2691
Stenotrophomonas phage vB_SmaS-DLP_2,27
Shigella phage Sf21,270
Shigella phage Sf22,271
Shigella phage Sf24,272
Shigella phage Shf125875,273
Shigella phage Shfl2,274
Shigella phage pSs-1,275
Sphingomonas phage PAU,276
Stenotrophomonas phage IME13,277
Vibrio phage KVP40,278
Vibrio phage VH7D,279
Achromobacter phage phiAxp-3,28
Vibrio phage ValKK3,280
Vibrio phage nt-1,281
Yersinia phage PST,282
Yersinia phage vB_YenM_TG1,283
Enterobacteria phage T4,284
Enterobacteria phage vB_EcoM_ACG-C40,285
Acinetobacter phage vB_AbaS_TRS1,286
Pseudomonas phage YMC11/02/R656,287
Pseudomonas phage phiPSA1,288
Acinetobacter phage vB_AbaM_Acibel004,289
Achromobacter phage JWAlpha,29
Acinetobacter phage YMC13/03/R2096,290
Acinetobacter phage vB_AbaM_B09_Aci01-1,291
Acinetobacter phage vB_AbaM_B09_Aci02-2,292
Acinetobacter phage vB_AbaM_B09_Aci05,293
Acinetobacter phage vB_AbaM_phiAbaA1,294
Pseudomonas phage C11,295
Pseudomonas phage CHA_P1,296
Pseudomonas phage JG004,297
Pseudomonas phage K5,298
Pseudomonas phage K8,299
Bordetella phage CN1,3
Acinetobacter phage Presley,30
Pseudomonas phage KPP10,300
Pseudomonas phage PA10,301
Pseudomonas phage PAK_P1,302
Pseudomonas phage PAK_P2,303
Pseudomonas phage PAK_P3,304
Pseudomonas phage PAK_P4,305
Pseudomonas phage PAK_P5,306
Pseudomonas phage PaP1,307
Pseudomonas phage PaoP5,308
Pseudomonas phage Zigelbrucke,309
Delftia phage RG-2014,31
Pseudomonas phage phiMK,310
Pseudomonas phage phiPsa374,311
Pseudomonas phage vB_PaeM_C2-10_Ab02,312
Pseudomonas phage vB_PaeM_G1,313
Pseudomonas phage vB_PaeM_MAG1,314
Pseudomonas phage vB_PaeM_PAO1_Ab03,315
Pseudomonas phage vB_PaeM_PS24,316
Pseudomonas phage vB_PsyM_KIL1,317
Pseudomonas phage vB_PsyM_KIL4,318
Escherichia phage K1ind1,319
Dinoroseobacter phage DFL12phi1,32
Escherichia phage VB_EcoS-Golestan,320
Raoultella phage RP180,321
Salmonella phage BPS11Q3,322
Salmonella phage FSL SP-031,323
Salmonella phage FSL SP-101,324
Salmonella phage Jersey,325
Salmonella phage LSPA1,326
Salmonella phage MA12,327
Salmonella phage SE2,328
Salmonella phage SETP13,329
Dinoroseobacter phage DS-1410Ws-06,33
Salmonella phage SETP3,330
Salmonella phage SETP7,331
Salmonella phage SS3e,332
Salmonella phage f18SE,333
Salmonella phage vB_SenS_AG11,334
Salmonella phage wksl3,335
Serratia phage Eta,336
Microbacterium phage Hendrix,337
Actinoplanes phage phiAsp2,338
Streptomyces phage TP1604,339
Enterobacter phage EcP1,34
Streptomyces phage YDN12,340
Streptomyces phage phiSAJS1,341
Anoxybacillus phage A403,342
Aeribacillus phage AP45,343
Bacillus phage Waukesha92,344
Bacillus phage phi4J1,345
Bacillus phage vB_BtS_BMBtp3,346
Clostridium phage phiCT19406B,347
Clostridium phage phiCTC2B,348
Deep-sea thermophilic phage D6E,349
Erwinia phage Ea9-2,35
Lactobacillus phage LBR48,350
Lactobacillus phage Lb,351
Listeria phage B054,352
Staphylococcus phage B166,353
Staphylococcus phage SA12,354
Staphylococcus phage SpaA1,355
Staphylococcus phage StB27,356
Staphylococcus phage TEM123,357
Aeromonas phage 2_L372X,358
Aeromonas phage 2-L372D,359
Erwinia phage phiEaP-8,36
Aeromonas phage 4_L372D,360
Aeromonas phage 4_L372XY,361
Alteromonas phage vB_AmeM_PT11-V22,362
Cronobacter phage CR3,363
Cronobacter phage CR8,364
Cronobacter phage CR9,365
Cronobacter phage PBES 02,366
Cronobacter phage vB_CsaM_GAP31,367
Enterobacteria phage phi92,368
Erwinia phage Hena1,369
Erwinia phage vB_EamP-S6,37
Erwinia phage pEp_SNUABM_01,370
Escherichia phage 4MG,371
Escherichia phage Av-05,372
Escherichia phage ESCO13,373
Escherichia phage ESCO5,374
Escherichia phage Murica,375
Escherichia phage V18,376
Escherichia phage phAPEC8,377
Escherichia phage vB_EcoM_FFH2,378
Escherichia phage vB_EcoM_Schickermooser,379
Erwinia phage vB_EamP_Frozen,38
Klebsiella phage ZCKP1,380
Klebsiella phage vB_KpnM_BIS47,381
Klebsiella phage vB_KpnM_KB57,382
Klebsiella virus KpS8,383
Pectobacterium phage phiTE,384
Proteus phage Mydo,385
Pseudoalteromonas phage H101,386
Pseudoalteromonas phage SL20,387
Raoultella phage Ro1,388
Salmonella phage 19,389
Escherichia phage EC1-UPM,39
Shewanella sp. phage 1/4,390
Shewanella sp. phage 1/40,391
Vibrio phage ICP1,392
Vibrio phage qdvp001,393
Aeromonas phage Ahp1,394
Aeromonas phage 25AhydR2PP,395
Aeromonas phage CF7,396
Aeromonas phage ZPAH7,397
Aeromonas phage phiAS7,398
Aquamicrobium phage P14,399
Bordetella phage CN2,4
Escherichia phage ECBP1,40
Burkholderia phage JG068,400
Caulobacter phage Lullwater,401
Caulobacter phage Percy,402
Curvibacter phage P26059B,403
Dickeya phage BF25/12,404
Enterobacteria phage J8-65,405
Escherichia phage Lidtsur,406
Escherichia phage PGT2,407
Escherichia phage phiKT,408
Pantoea phage LIMEzero,409
Escherichia phage Pollock,41
Pectobacterium phage Arno160,410
Pectobacterium phage PP2,411
Pectobacterium phage PP90,412
Pectobacterium phage PhiM1,413
Pectobacterium phage Zenivior,414
Proteus phage PM 75,415
Pseudomonas phage Andromeda,416
Pseudomonas phage Bf7,417
Pseudomonas phage PollyC,418
Pseudomonas phage VSW-3,419
Escherichia phage vB_EcoP_G7C,42
Ralstonia phage RS-PI-1,420
Ralstonia phage RS-PII-1,421
Ralstonia phage RSB1,422
Ralstonia phage RsoP1IDN,423
Salmonella phage vB_SpuP_Spp16,424
Vibrio phage 1.204.O._10N.222.46.F12,425
Vibrio phage JSF7,426
Xanthomonas phage XAJ24,427
Xanthomonas phage f20-Xaj,428
Xanthomonas phage f30-Xaj,429
Escherichia phage vB_EcoP_PhAPEC5,43
Xanthomonas phage phi Xc10,430
Xylella phage Paz,431
Xylella phage Prado,432
Yersinia phage fHe-Yen3-01,433
Yersinia phage vB_YenP_ISAO8,434
Rheinheimera phage vB_RspM_Barba18A,435
Rheinheimera phage vB_RspM_Barba21A,436
Aeromonas phage AhSzw-1,437
Aeromonas phage AhSzq-1,438
Bacteriophage T5-like chee24,439
Escherichia phage vB_EcoP_PhAPEC7,44
Bacteriophage T5-like saus132,440
Enterobacteria phage DT571/2,441
Escherichia phage APCEc03,442
Escherichia phage Gostya9,443
Escherichia phage OSYSP,444
Escherichia phage fp01,445
Escherichia phage phiLLS,446
Escherichia phage vB_EcoS_AKFV33,447
Escherichia phage vB_EcoS_HdH2,448
Escherichia virus VEc33,449
Klebsiella phage KP8,45
Klebsiella phage Sugarland,450
Klebsiella phage vB_Kpn_IME260,451
Pectobacterium phage DU_PP_V,452
Pectobacterium phage My1,453
Phage NBEco001,454
Phage NBEco002,455
Phage NBSal003,456
Phage NBSal005,457
Proteus phage PM135,458
Proteus phage Stubb,459
Klebsiella phage KpCHEMY26,46
Providencia phage vB_PreS_PR1,460
Salmonella phage 1-19,461
Salmonella phage 1-23,462
Salmonella phage 1-29,463
Salmonella phage 100268_sal2,464
Salmonella phage 118970_sal2,465
Salmonella phage 2-3,466
Salmonella phage 3-29,467
Salmonella phage L6jm,468
Salmonella phage LVR16A,469
Klebsiella phage Pylas,47
Salmonella phage NR01,470
Salmonella phage OSY-STA,471
Salmonella phage S113,472
Salmonella phage S114,473
Salmonella phage S116,474
Salmonella phage S124,475
Salmonella phage S126,476
Salmonella phage S131,477
Salmonella phage S132,478
Salmonella phage S133,479
Pectobacterium phage Nepra,48
Salmonella phage S147,480
Salmonella phage SE11,481
Salmonella phage SE24,482
Salmonella phage SH9,483
Salmonella phage SP01,484
Salmonella phage SP3,485
Salmonella phage STG2,486
Salmonella phage Seafire,487
Salmonella phage Sepoy,488
Salmonella phage Shivani,489
Pectobacterium phage phiA41,49
Salmonella phage Sw2,490
Salmonella phage Th1,491
Salmonella phage atrejo,492
Salmonella phage bastian,493
Salmonella phage bombadil,494
Salmonella phage faergetype,495
Salmonella phage fuchur,496
Salmonella phage oldekolle,497
Salmonella phage oselot,498
Salmonella phage rokbiter,499
Bordetella phage FP1,5
Pectobacterium phage vB_PatP_CB1,50
Salmonella phage vB_SenS_SB13,500
Salmonella virus VSe12,501
Shigella phage SHSML-45,502
Shigella phage SSP1,503
Vibrio phage Ceto,504
Vibrio phage JSF10,505
Vibrio phage JSF12,506
Vibrio phage Thalassa,507
Vibrio phage pVp-1,508
Vibrio phage phi 3,509
Pectobacterium phage vB_PatP_CB4,51
Vibrio phage vB_VpS_PG07,510
Proteus phage PM16,511
Cronobacter phage vB_CsaP_GAP52,512
Aeromonas phage LAh_8,513
Escherichia phage 172-1,514
Escherichia phage ECBP2,515
Escherichia phage KBNP1711,516
Proteus phage Privateer,517
Pseudomonas phage Bjorn,518
Pseudomonas phage DL54,519
Pseudomonas phage DL64,52
Pseudomonas phage NV1,520
Pseudomonas phage O4,521
Pseudomonas phage PA11,522
Pseudomonas phage PaP4,523
Pseudomonas phage PhiCHU,524
Pseudomonas phage UFV-P2,525
Pseudomonas phage phiIBB-PAA2,526
Pseudomonas phage vB_PaeP_C2-10_Ab22,527
Pseudomonas phage vB_PaeP_p2-10_Or1,528
Salmonella phage 7-11,529
Pseudomonas phage LIT1,53
Serratia phage BF,530
Alteromonas virus vB_AspP-H4/4,531
Phage MedPE-SWcel-C56,532
Aeromonas phage phiA8-29,533
Dickeya phage RC-2014,534
Erwinia phage phiEa2809,535
Erwinia phage vB_EamM-Bue1,536
Escherichia phage ECML-4,537
Escherichia phage EP75,538
Escherichia phage FEC14,539
Pseudomonas phage LUZ7,54
Escherichia phage PhaxI,540
Escherichia phage vB_EcoM_KWBSE43-6,541
Klebsiella phage Magnus,542
Klebsiella phage May,543
Klebsiella phage Menlow,544
Klebsiella virus UPM 2146,545
Klebsiella virus vB_KpnM_KpS110,546
Salmonella phage 38,547
Salmonella phage BSP101,548
Salmonella phage Det7,549
Pseudomonas phage Littlefix,55
Salmonella phage GG32,550
Salmonella phage Marshall,551
Salmonella phage Maynard,552
Salmonella phage Mutine,553
Salmonella phage P46FS4,554
Salmonella phage S118,555
Salmonella phage SE14,556
Salmonella phage SFP10,557
Salmonella phage SKML-39,558
Salmonella phage SP1,559
Pseudomonas phage PA26,56
Salmonella phage SS9,560
Salmonella phage STML-13-1,561
Salmonella phage SenALZ1,562
Salmonella phage SenASZ3,563
Salmonella phage aagejoakim,564
Salmonella phage allotria,565
Salmonella phage barely,566
Salmonella phage bering,567
Salmonella phage dinky,568
Salmonella phage heyday,569
Pseudomonas phage PEV2,57
Salmonella phage maane,570
Salmonella phage moki,571
Salmonella phage pertopsoe,572
Salmonella phage rabagast,573
Serratia phage phiMAM1,574
Serratia phage vB_SmaA_3M,575
Shigella phage MK-13,576
Vibrio phage VAP7,577
Vibrio phage YC,578
Vibrio phage vB_VchM_Kuja,579
Pseudomonas phage Pa2,58
Bdellovibrio phage phi1422,580
Aggregatibacter phage S1249,581
Edwardsiella phage PEi21,582
Klebsiella phage JD001,583
Klebsiella phage vB_KpnM_KpV52,584
Klebsiella phage vB_KpnM_KpV79,585
Mannheimia phage vB_MhS_1152AP2,586
Mannheimia phage vB_MhS_587AP2,587
Pectobacterium phage ZF40,588
Proteus phage Myduc,589
Pseudomonas phage YH30,59
Salmonella phage BP63,590
Salmonella phage SE13,591
Salmonella phage SE4,592
Salmonella phage SEN34,593
Salmonella phage UPF_BP2,594
Salmonella phage ZCSE2,595
Salmonella phage birk,596
Salmonella phage yarpen,597
Vibrio phage CP-T1,598
Vibrio phage vB_VchM-138,599
Bordetella phage MW2,6
Pseudomonas phage YH6,60
Agrobacterium phage 7-7-1,600
Rhizobium phage vB_RglS_P106B,601
Agrobacterium phage Atu_ph03,602
Agrobacterium phage Atu_ph02,603
Rhizobium phage RHEph02,604
Rhizobium phage RHEph08,605
Rhizobium phage RHEph09,606
Cronobacter phage vB_CsaM_GAP32,607
Agrobacterium phage Atu_ph07,608
Escherichia phage 121Q,609
Pseudomonas phage ZC03,61
Pectobacterium phage CBB,610
Citrobacter phage Moogle,611
Citrobacter phage Mordin,612
Enterobacteriaphage UAB_Phi87,613
Erwinia phage phiEa104,614
Erwinia phage phiEa21-4,615
Escherichia phage EC6,616
Escherichia phage HY02,617
Escherichia phage JH2,618
Escherichia phage SUSP1,619
Pseudomonas phage ZC08,62
Escherichia phage SUSP2,620
Escherichia phage vB_EcoM-VpaE1,621
Escherichia phage vB_EcoM_AYO145A,622
Escherichia phage vB_EcoM_Alf5,623
Rheinheimera phage vB_RspM_Barba19A,624
Rheinheimera phage vB_RspM_Barba5S,625
Rheinheimera phage vB_RspM_Barba8S,626
Salmonella phage BPS15Q2,627
Salmonella phage BPS17L1,628
Salmonella phage BPS17W1,629
Pseudomonas phage Zuri,63
Salmonella phage Mushroom,630
Salmonella phage Si3,631
Salmonella phage vB_SPuM_SP116,632
Shigella phage Sf13,633
Shigella phage Sf14,634
Shigella phage Sf17,635
Cyanophage PP,636
Anabaena phage A-4L,637
Bacillus virus 1,638
Brochothrix phage BL3,639
Pseudomonas phage phCDa,64
Brochothrix phage NF5,640
Enterococcus phage EFC-1,641
Enterococcus phage phiEf11,642
Enterococcus phage vB_EfaS_IME197,643
Geobacillus phage GBSV1,644
Lactobacillus prophage Lj928,645
Lactococcus phage TP901-1,646
Lactococcus phage Tuc2009,647
Lactococcus phage ul36,648
Staphylococcus phage SA13,649
Pseudomonas phage vB_PaeP_C2-10_Ab09,65
Staphylococcus phage StB12,650
Streptococcus phage SMP,651
Streptococcus virus 9871,652
Streptococcus virus 9872,653
Streptococcus virus 9873,654
Streptococcus virus 9874,655
Ralstonia virus phiAp1,656
Arthrobacter phage BarretLemon,657
Arthrobacter phage Abba,658
Arthrobacter phage Beans,659
Pseudomonas phage vB_PaeP_MAG4,66
Arthrobacter phage Brent,660
Arthrobacter phage Colucci,661
Arthrobacter phage DrYang,662
Arthrobacter phage Jawnski,663
Arthrobacter phage KBurrousTX,664
Arthrobacter phage Lymara,665
Arthrobacter phage Martha,666
Arthrobacter phage Mufasa8,667
Arthrobacter phage Piccoletto,668
Arthrobacter phage PrincessTrina,669
Roseobacter phage RD-1410W1-01,67
Arthrobacter phage Shade,670
Arthrobacter phage Sonali,671
Arthrobacter phage Sonny,672
Arthrobacter phage Zartrosa,673
Arthrobacter phage vB_ArtM-ArV1,674
Rhodococcus phage Jace,675
Arthrobacter phage Andrew,676
Arthrobacter phage Abidatro,677
Arthrobacter phage Bennie,678
Arthrobacter phage Coral,679
Ruegeria phage vB_RpoP-V12,68
Arthrobacter phage DrRobert,680
Arthrobacter phage Galaxy,681
Arthrobacter phage Glenn,682
Arthrobacter phage HunterDalle,683
Arthrobacter phage Joann,684
Arthrobacter phage Kepler,685
Arthrobacter phage Korra,686
Arthrobacter phage Maja,687
Arthrobacter phage Preamble,688
Arthrobacter phage Pumancara,689
Ruegeria phage vB_RpoP-V13,69
Arthrobacter phage Wayne,690
Gordonia phage Splinter,691
Gordonia phage Vendetta,692
Microbacterium phage Armstrong,693
Microbacterium phage Dismas,694
Microbacterium phage Eden,695
Mycobacterium phage Xeno,696
Propionibacterium phage B3,697
Arthrobacter phage Jasmine,698
Arthrobacter phage Adat,699
Burkholderia phage BcepGomr,7
Salmonella phage FSL SP-058,70
Arthrobacter phage Molivia,700
Arthrobacter phage Amigo,701
Brevibacterium phage LuckyBarnes,702
Clavibacter phage CMP1,703
Clavibacter phage CN1A,704
Microbacterium phage vB_MoxS-ISF9,705
Gordonia phage Ghobes,706
Arthrobacter phage Mendel,707
Arthrobacter phage Anjali,708
Bacillus phage Aurora,709
Salmonella phage FSL SP-076,71
Bacillus phage BeachBum,710
Bacillus phage Claudi,711
Bacillus phage DK1,712
Bacillus phage DK2,713
Bacillus phage DK3,714
Bacillus phage Gxv1,715
Bacillus phage Harambe,716
Bacillus phage Juan,717
Bacillus phage Karezi,718
Bacillus phage KonjoTrouble,719
Shigella phage pSb-1,72
Bacillus phage MG-B1,720
Bacillus phage Nf,721
Bacillus phage SerPounce,722
Bacillus phage Stitch,723
Bacillus phage VMY22,724
Bacillus phage vB_Bpu_PumA1,725
Bacillus phage vB_Bpu_PumA2,726
Bacillus phage vB_BsuP-Goe1,727
Bacillus phage vB_BthP-Goe4,728
Bacillus phage vB_BveP-Goe6,729
Sinorhizobium phage ort11,73
Bacillus virus SRT01hs,730
Bifidobacterium phage BadAargau2,731
Bifidobacterium phage BadAztec1,732
Microbacterium phage Appa,733
Arthrobacter phage DrManhattan,734
Gordonia phage Gustav,735
Gordonia phage Mahdia,736
Microbacterium phage Goodman,737
Streptomyces phage Hiyaa,738
Arthrobacter phage Constance,739
Stenotrophomonas phage Pokken,74
Arthrobacter phage Bridgette,740
Arthrobacter phage Eileen,741
Arthrobacter phage Judy,742
Arthrobacter phage Peas,743
Arthrobacter phage TripleJ,744
Arthrobacter phage vB_ArS-ArV2,745
Arthrobacter phage Circum,746
Arthrobacter phage CaptnMurica,747
Arthrobacter phage Gordon,748
Arthrobacter phage Mudcat,749
Vibrio phage 1.026.O._10N.222.49.C7,75
Faecalibacterium phage FP_oengus,750
Gordonia phage Avazak,751
Gordonia phage Chikenjars,752
Gordonia phage Crocheter,753
Gordonia phage Duffington,754
Gordonia phage Kenosha,755
Gordonia phage OhMyWard,756
Gordonia phage Rickmore,757
Gordonia phage Secretariat,758
Gordonia phage Tanis,759
Vibrio phage 1.097.O._10N.286.49.B3,76
Gordonia phage Untouchable,760
Lactococcus phage 1706,761
Lactococcus phage P078,762
Lactococcus phage P092,763
Lactococcus phage P118,764
Lactococcus phage P162,765
Rhodococcus phage ReqiPepy6,766
Rhodococcus phage ReqiPoco6,767
Streptomyces phage Bing,768
Streptomyces phage DrGrey,769
Vibrio phage 1.169.O._10N.261.52.B1,77
Streptomyces phage Rima,770
Streptomyces phage Scap1,771
Gordonia phage GMA5,772
Arthrobacter phage Decurro,773
Gordonia phage GRU3,774
Gordonia phage McGonagall,775
Rhodococcus phage RRH1,776
Arthrobacter phage Liebe,777
Arthrobacter phage Yang,778
Microbacterium phage Zeta1847,779
Vibrio phage 1.188.A._10N.286.51.A6,78
Streptomyces phage Aaronocolus,780
Streptomyces phage AbbeyMikolon,781
Streptomyces phage Amela,782
Streptomyces phage Attoomi,783
Streptomyces phage Caliburn,784
Streptomyces phage Danzina,785
Streptomyces phage Hydra,786
Streptomyces phage Izzy,787
Streptomyces phage Lannister,788
Streptomyces phage Lika,789
Vibrio phage 1.224.A._10N.261.48.B1,79
Streptomyces phage Lilbooboo,790
Streptomyces phage Nanodon,791
Streptomyces phage Rowa,792
Streptomyces phage Sujidade,793
Streptomyces phage Vash,794
Streptomyces phage Zemlya,795
Streptomyces phage phiCAM,796
Streptomyces phage phiELB20,797
Streptomyces phage phiSASD1,798
Streptomyces virus TG1,799
Paracoccus phage vB_PmaS-R3,8
Vibrio phage 1.261.O._10N.286.51.A7,80
Arthrobacter phage Kitkat,800
Arthrobacter phage KellEzio,801
Gordonia phage Gsput1,802
Nocardia phage NBR1,803
Microbacterium phage Fireman,804
Arthrobacter phage Tank,805
Microbacterium phage Hyperion,806
Microbacterium phage KaiHaiDragon,807
Microbacterium phage MementoMori,808
Microbacterium phage Metamorphoo,809
Vibrio phage JA-1,81
Microbacterium phage OneinaGillian,810
Microbacterium phage Paschalis,811
Microbacterium phage Quhwah,812
Microbacterium phage RobsFeet,813
Microbacterium phage Squash,814
Rhodococcus phage REQ2,815
Shigella phage SfII,816
Azospirillum phage Cd,817
Bacillus virus PBS1,818
Bacillus phage AR9,819
Vibrio phage JSF3,82
Yersinia phage phiR1-37,820
Lactococcus phage asccphi28,821
Weissella phage phiYS61,822
Bacillus phage B4,823
Bacillus phage AvesoBmore,824
Bacillus phage B5S,825
Bacillus phage BCP78,826
Bacillus phage BCP8-2,827
Bacillus phage BCU4,828
Bacillus phage BPS10C,829
Vibrio phage VCO139,83
Bacillus phage BPS13,830
Bacillus phage BSP38,831
Bacillus phage Bastille,832
Bacillus phage Bcp1,833
Bacillus phage Belinda,834
Bacillus phage BigBertha,835
Bacillus phage Bobb,836
Bacillus phage Bp8p-C,837
Bacillus phage Bp8p-T,838
Bacillus phage CAM003,839
Vibrio phage phi 1,84
Bacillus phage DIGNKC,840
Bacillus phage Deep Blue,841
Bacillus phage DirtyBetty,842
Bacillus phage Eldridge,843
Bacillus phage Evoli,844
Bacillus phage Eyuki,845
Bacillus phage Grass,846
Bacillus phage Hakuna,847
Bacillus phage Hoody T,848
Bacillus phage JBP901,849
Xanthomonas phage RiverRider,85
Bacillus phage Kida,850
Bacillus phage Mater,851
Bacillus phage Megatron,852
Bacillus phage Moonbeam,853
Bacillus phage Nemo,854
Bacillus phage Nigalana,855
Bacillus phage NotTheCreek,856
Bacillus phage Phrodo,857
Bacillus phage Riley,858
Bacillus phage SageFayge,859
Caulobacter phage Seuss,86
Bacillus phage SalinJah,860
Bacillus phage Shbh1,861
Bacillus phage Spock,862
Bacillus phage Troll,863
Bacillus phage TsarBomba,864
Bacillus phage W.Ph.,865
Bacillus phage Zuko,866
Bacillus phage phiAGATE,867
Bacillus phage vB_BanS-Tsamsa,868
Bacillus phage vB_BmeM-Goe8,869
Achromobacter phage JWF,87
Bacillus phage vB_BsuM-Goe3,870
Bacillus virus BM15,871
Brochothrix phage A9,872
Lactobacillus phage 3-521,873
Lactobacillus phage Lpa804,874
Lactobacillus phage LpeD,875
Bacillus phage CP-51,876
Lactobacillus phage Bacchae,877
Lactobacillus phage Bromius,878
Lactobacillus phage Iacchus,879
Acinetobacter phage YMC11/11/R3177,88
Lactobacillus phage Semele,880
Streptococcus phage Dp-1,881
Bacillus phage BCD7,882
Streptomyces phage BRock,883
Bacillus phage Deep-Purple,884
Bacillus phage BCJA1c,885
Faecalibacterium phage FP_Lugh,886
Lactobacillus phage LL-H,887
Lactobacillus phage phiJB,888
Lactobacillus phage phig1e,889
Burkholderia phage BcepNazgul,89
Listeria phage A118,890
Listeria phage A500,891
Listeria phage LP-030-3,892
Listeria phage vB_LmoS_293,893
Paenibacillus phage Vegas,894
Streptococcus phage 5093,895
Streptococcus phage A25,896
Streptococcus phage PH15,897
Streptococcus phage phiARI0468-4,898
Streptococcus phage phiNJ2,899
Pseudomonas phage 73,9
Achromobacter phage phiAxp-2,90
Bacillus phage CampHawk,900
Enterococcus phage ECP3,901
Enterococcus phage EFDG1,902
Enterococcus phage EFP01,903
Enterococcus phage EfV12-phi1,904
Enterococcus phage EFLK1,905
Listeria phage LMSP-25,906
Listeria phage LMTA-148,907
Listeria phage LMTA-57,908
Listeria phage LMTA-94,909
Enterobacter phage Enc34,91
Listeria phage LP-048,910
Listeria phage LP-064,911
Listeria phage LP-083-2,912
Listeria phage LP-124,913
Listeria phage LP-125,914
Listeria phage List-36,915
Listeria phage vB_LmoM_AG20,916
Bacillus phage BtCS33,917
Bacillus phage Fah,918
Bacillus phage Gamma,919
Klebsiella phage KPN N137,92
Bacillus phage PfEFR-4,920
Bacillus phage PfEFR-5,921
Bacillus phage phIS3501,922
Bacillus phage phi4B1,923
Bacillus phage phiCM3,924
Bacillus phage vB_BceS-MY192,925
Bacillus phage vB_BtS_B83,926
Clostridium phage phi3626,927
Clostridium phage phiCT19406C,928
Clostridium phage phiCT453B,929
Klebsiella phage Seifer,93
Bacillus phage JL,930
Bacillus phage Shanette,931
Lactobacillus phage 521B,932
Lactobacillus phage SAC12B,933
Listeria phage WIL-1,934
Staphylococcus phage phiIBB-SEP1,935
Staphylococcus phage phiIPLA-C1C,936
Bacillus phage Carmen17,937
Bacillus phage PBC1,938
Bacillus phage Wes44,939
Klebsiella phage Soft,94
Clostridium phage phiCT453A,940
Clostridium phage vB_CpeS-CP51,941
Corynebacterium phage Adelaide,942
Corynebacterium phage Dina,943
Corynebacterium phage Lederberg,944
Corynebacterium phage SamW,945
Corynebacterium phage StAB,946
Corynebacterium phage Stiles,947
Croceibacter phage P2559Y,948
Enterococcus phage phiFL4A,949
Proteus phage pPM_01,95
Lactococcus phage 1358,950
Rhodoferax phage P26218,951
Staphylococcus phage 2638A,952
Staphylococcus phage SMSAP5,953
Staphylococcus phage StauST398-2,954
Staphylococcus phage YMC/09/04/R1988,955
Staphylococcus phage phi2958PVL,956
Staphylococcus phage tp310-2,957
Staphylococcus phage vB_SauS_phi2,958
Staphylococcus phage vB_SpsS_QT1,959
Providencia phage Redjac,96
Streptococcus phage P9,960
Bacillus phage Slash,961
Bacillus phage phi105,962
Clostridium phage PhiS63,963
Clostridium phage phiSM101,964
Geobacillus virus E2,965
Bacillus phage vB_BtS_BMBtp14,966
Bacillus phage Mgbh1,967
Enterococcus phage SAP6,968
Paenibacillus phage Tripp,969
Ruegeria phage DSS3-P1,97
Geobacillus phage GBK2,970
Bacillus phage Palmer,971
Bacillus phage Page,972
Bacillus phage Pascal,973
Bacillus phage Pavlov,974
Bacillus phage Pony,975
Bacillus phage Pookie,976
Staphylococcus phage StB20-like,977
Lactobacillus phage JCL1032,978
Paenibacillus phage BN12,979
Salmonella phage 118970_sal1,98
Paenibacillus phage Eltigre,980
Paenibacillus phage Fern,981
Paenibacillus phage HB10c2,982
Paenibacillus phage Harrison,983
Paenibacillus phage Jacopo,984
Paenibacillus phage Kawika,985
Paenibacillus phage Leyra,986
Paenibacillus phage Likha,987
Paenibacillus phage Lucielle,988
Paenibacillus phage PBL1c,989
Salmonella phage 35,99
Paenibacillus phage Pagassa,990
Paenibacillus phage Tadhana,991
Paenibacillus phage Willow,992
Paenibacillus phage Xenia,993
Paenibacillus phage Yerffej,994
Paenibacillus phage phiIBB_Pl23,995
Bacillus phage Stahl,996
Bacillus phage Staley,997
Bacillus phage Stills,998
Brevibacillus phage Jenst,999
